dataset_name,task_type,best_model,score,train_time_sec
aqi.csv,Regression,RandomForest,0.8862966703110451,27.2806
transactions.csv,Classification,KNN,0.9812479145812479,15.5367
financial_regression.csv,Regression,GradientBoosting,0.5623464438618857,2.1351
weatherAUS.csv,Classification,GradientBoosting,0.8275118383421632,1.8549
real_estate_dataset.csv,Regression,LinearRegression,0.9692362820790128,0.009
insurance.csv,Regression,GradientBoosting,0.8712315310002068,0.1687
kc_house_data.csv,Regression,GradientBoosting,0.7655034636220367,5.8642
Indian_housing_Delhi_data.csv,Regression,KNN,0.6116581834560487,0.0289
flood.csv,Regression,LinearRegression,1.0,0.0267
laptop_data.csv,Regression,Ridge,0.8418153399474975,0.0043
X_test.csv,Regression,KNN,0.631493718868487,0.0719
Loan.csv,Regression,SVR_or_LinearSVR,0.4008288377989494,16.0349
diamonds.csv,Regression,KNN,0.08387976243694395,0.3716
Netflix TV Shows and Movies.csv,Regression,KNN,0.00320201695172162,0.02
diabetes_dataset.csv,Regression,PolynomialRegression,0.9985775643856559,8.9051
game_data_all.csv,Regression,KNN,0.5149259099413791,8.801
pesticides.csv,Regression,RandomForest,0.999204253279212,0.3008
yield_df.csv,Regression,PolynomialRegression,0.9241472434963036,0.28
uber.csv,Classification,LinearSVC,0.6937,0.6368
1028_SWD.csv,Classification,LogisticRegression,0.30952380952380953,0.0531
1029_LEV.csv,Classification,LogisticRegression,0.32432432432432434,0.017
1030_ERA.csv,Classification,LogisticRegression,0.0,0.0961
1191_BNG(pbc).csv,Regression,GradientBoosting,0.39770226299433376,1.4366
1192_BNG(autoHorse).csv,Regression,GradientBoosting,0.7535636598609932,2.4721
1195_BNG(autoPrice).csv,Regression,GradientBoosting,0.6580752531729654,1.6251
1196_BNG(pharynx).csv,Regression,GradientBoosting,0.5071987499650599,2.0421
1199_BNG(echoMonths).csv,Regression,GradientBoosting,0.39374977956372204,0.2874
1200_BNG(stock).csv,Regression,RandomForest,0.7988861877482272,10.2681
1201_BNG(breastTumor).csv,Regression,GradientBoosting,0.14478904317795682,0.4865
1203_BNG(pwLinear).csv,Regression,GradientBoosting,0.63125546177196,0.5257
1206_BNG(satellite_image).csv,Regression,RandomForest,0.8728065023450206,172.9092
1208_BNG(libras_move).csv,Regression,PolynomialRegression,0.4160478262334213,16.5499
1213_BNG(mv).csv,Regression,GradientBoosting,0.8113257051932029,0.3167
1429_a8a.csv,Classification,GradientBoosting,0.7760123013839056,0.0375
1430_a9a.csv,Classification,GradientBoosting,0.7699657472507662,0.0366
1433_svmguide1.csv,Classification,SVC,0.9614271938283511,0.106
1436_german.numer.csv,Classification,RandomForest,0.7466666666666667,0.2142
1572_german.numer.csv,Classification,LogisticRegression,0.6733333333333333,0.017
1575_ijcnn.csv,Classification,GradientBoosting,0.9745930177848876,0.8855
1591_connect-4.csv,Classification,GradientBoosting,0.604302348529702,0.6895
1592_aloi.csv,Regression,RandomForest,0.25722403175091924,9.8293
1593_SensIT-Vehicle-Combined.csv,Classification,GradientBoosting,0.7675236806495264,2.5493
179_adult.csv,Classification,GradientBoosting,0.801342649678038,0.3941
189_kin8nm.csv,Regression,SVR,0.8958519991807442,0.3995
197_cpu_act.csv,Regression,GradientBoosting,0.9585217916405322,0.2515
198_delta_elevators.csv,Regression,PolynomialRegression,0.6359596563344698,0.006
201_pol.csv,Classification,GradientBoosting,0.8008021390374331,4.395
215_2dplanes.csv,Regression,PolynomialRegression,0.9466553103976022,0.0783
216_elevators.csv,Regression,PolynomialRegression,0.8321892881580476,0.055
218_house_8L.csv,Regression,RandomForest,0.4832397482160198,1.2543
225_puma8NH.csv,Regression,RandomForest,0.6514167996678919,0.9172
227_cpu_small.csv,Regression,KNN,0.319595051066616,0.0375
273_IMDB.drama.csv,Classification,SVC,0.5904798718869071,0.2748
296_Ailerons.csv,Regression,Ridge,0.8096179672032637,0.003
298_coil2000.csv,Classification,RandomForest,0.8933969769291965,0.7038
301_ozone_level.csv,Classification,RandomForest,0.9605263157894737,0.2933
308_puma32H.csv,Regression,GradientBoosting,0.9311995961171022,0.315
315_us_crime.csv,Regression,KNN,0.47464940092179597,0.0079
344_mv.csv,Regression,RandomForest,0.9999570504926429,3.668
405_mtp.csv,Regression,GradientBoosting,0.3045922274326437,0.2639
344_mv.csv,Regression,RandomForest,0.9999569790691298,4.0775
344_mv.csv,Regression,RandomForest,0.9999590961631911,4.0346
41540_black_friday.csv,Regression,GradientBoosting,0.45947426894974164,0.6114
422_topo_2_1.csv,Regression,SVR,-0.003914942916572572,0.002
42635_house_sales_reduced.csv,Regression,GradientBoosting,0.748757660542857,0.2572
42737_fps-in-video-games.csv,Regression,RandomForest,0.17271380571743888,1.6577
42876_WorkersCompensation.csv,Regression,ElasticNet,0.03777718942503794,0.09
43034_dgf_6af37c98-0933-4ae4-8380-5f63212fb52a.csv,Classification,RandomForest,0.44768636887752544,10.283
43069_road_safety.csv,Classification,RandomForest,0.6235017712597052,18.4397
43078_Code_Smells_Blob.csv,Regression,GradientBoosting,0.351282523476916,0.2909
43079_Code_Smells_Data_Class.csv,Regression,GradientBoosting,0.41098747898916366,0.6539
43090_30mlday.csv,Regression,GradientBoosting,0.05439683808125495,2.2878
43351_Temperature-Readings--IOT-Devices.csv,Regression,Ridge,-0.0005308091497859824,0.004
43606_California-Environmental-Conditions-Dataset.csv,Classification,RandomForest,0.9896002941330952,7.6445
43874_Diabetes-130-Hospitals_(Fairlearn).csv,Classification,LogisticRegression,1.0,0.1614
43928_medical_charges.csv,Regression,RandomForest,0.9411780595467452,10.622
43963_CPS1988.csv,Regression,GradientBoosting,0.20259318202262722,0.2473
44004_medical_charges.csv,Regression,RandomForest,0.9395083312395413,7.0918
44021_medical_charges.csv,Regression,RandomForest,0.93746219414379,6.7009
44042_black_friday.csv,Regression,GradientBoosting,0.48987836703222076,0.4328
44045_Allstate_Claims_Severity.csv,Regression,GradientBoosting,0.1052147959666534,0.3986
44060_Allstate_Claims_Severity.csv,Regression,GradientBoosting,0.1052147959666534,0.67
44196_PCAM.csv,Classification,LogisticRegression,0.5981699187977215,0.071
44228_Churn_Telco_Europa.csv,Classification,RandomForest,0.9204291305563321,3.0286
44235_Credit_Card_Fraud_Detection.csv,Classification,RandomForest,0.998378721304542,61.7971
44964_superconductivity.csv,Regression,RandomForest,0.8489112259184761,2.3906
45013_jannis.csv,Classification,GradientBoosting,0.78719462776427,0.6113
45014_jannis.csv,Classification,GradientBoosting,0.78719462776427,0.5839
45015_jannis.csv,Classification,GradientBoosting,0.78719462776427,0.5873
45018_electricity.csv,Classification,RandomForest,0.865038115038115,0.6261
45081_Tallo.csv,Regression,RandomForest,0.8384546703875496,30.5513
45082_SignMNIST.csv,Regression,RandomForest,0.8264795018895397,24.5826
45108_DutchTwitterDataset.csv,Classification,RandomForest,0.9962765957446809,2.9322
4532_higgs.csv,Classification,GradientBoosting,0.7205522306855278,0.7673
4544_GeographicalOriginalofMusic.csv,Regression,Ridge,0.5989132839044504,0.002
4549_Buzzinsocialmedia_Twitter.csv,Regression,LinearRegression,0.9626755335253937,0.011
46147_child.csv,Regression,PolynomialRegression,0.7818316599517043,0.0244
46167_hdfail.csv,Regression,GradientBoosting,0.7762645873456461,0.205
46301_UNSW_NB15.csv,Classification,KNN,0.8887661141804788,0.036
46337_Conso_RTE.csv,Regression,RandomForest,0.9961198505590033,13.9452
46340_french_load_consumption.csv,Regression,RandomForest,0.9965947601135041,14.6797
46457_Credit_Score_Classification_downsampled.csv,Classification,GradientBoosting,0.5008113590263692,0.8073
46538_dataset_default_of_credit_card_clients.csv,Classification,GradientBoosting,0.7888765294771969,0.433
46656_ae_price_prediction.csv,Regression,GradientBoosting,0.9489881500849395,0.235
46660_mercari_price_suggestion100K.csv,Regression,DecisionTree,0.9301095088075697,0.2105
46662_news_popularity2.csv,Regression,SVR,0.006252546979170104,0.2661
46695_convai2_inferred.csv,Regression,GradientBoosting,-0.0006925432270976639,0.4207
46696_light_inferred.csv,Regression,Ridge,-1.4930945991364908e-05,0.007
46697_opensubtitles_inferred.csv,Regression,GradientBoosting,-0.006345454777445969,0.6725
46710_UCC.csv,Regression,SVR,-0.058618045537401686,0.1782
46724_cybersecurity_attacks.csv,Regression,Lasso,-1.936400924718029e-05,0.031
46725_Crime_Data_from_2010.csv,Regression,GradientBoosting,0.27669755052687905,2.6266
46736_methane_emissions_rice_crop.csv,Regression,RandomForest,0.989143417833386,2.9398
46747_IoT_Agriculture_2024.csv,Regression,DecisionTree,0.021963725323963734,0.019
46787_Sberbank_Russian_Housing_Market.csv,Regression,GradientBoosting,-0.008222279972172508,0.2043
46886_mercari_price_suggestion100K.csv,Regression,DecisionTree,0.923489036714684,0.152
46890_UCC.csv,Regression,SVR,-0.05581768573675716,0.1441
46895_cybersecurity_attacks.csv,Regression,ElasticNet,-1.936400924718029e-05,0.022
46898_Sberbank_Russian_Housing_Market.csv,Regression,GradientBoosting,-0.03521890920688797,0.2002
46923_diamonds.csv,Regression,GradientBoosting,0.9736484098555689,0.3658
46928_Food_Delivery_Time.csv,Regression,GradientBoosting,0.2576470921696804,0.2446
46934_houses.csv,Regression,RandomForest,0.8382583623517971,1.4507
46949_physiochemical_protein.csv,Regression,RandomForest,0.5807063672462858,4.4389
46961_superconductivity.csv,Regression,RandomForest,0.8554461343477715,2.566
503_wind.csv,Regression,PolynomialRegression,0.7894837575642322,0.0353
507_space_ga.csv,Regression,GradientBoosting,0.6554590710620176,0.2275
512_balloon.csv,Regression,PolynomialRegression,0.7136095054576326,0.005
516_pbcseq.csv,Classification,GradientBoosting,0.8664383561643836,0.6033
529_pollen.csv,Regression,PolynomialRegression,0.7819541554819343,0.0035
537_houses.csv,Regression,GradientBoosting,0.8033245147949538,0.2366
541_socmob.csv,Regression,ElasticNet,0.6924449810649147,0.002
558_bank32nh.csv,Regression,PolynomialRegression,0.5678649121562755,0.281
562_cpu_small.csv,Regression,KNN,0.319595051066616,0.0594
564_fried.csv,Regression,GradientBoosting,0.9533856140271305,0.3168
572_bank8FM.csv,Regression,Ridge,0.9278335899657751,0.003
573_cpu_act.csv,Regression,GradientBoosting,0.9585217916405322,0.4973
574_house_16H.csv,Regression,GradientBoosting,0.6063732754433395,0.2773
583_fri_c1_1000_50.csv,Regression,RandomForest,0.4225747732298827,0.5191
586_fri_c3_1000_25.csv,Regression,GradientBoosting,0.9275818693880806,0.2858
588_fri_c4_1000_100.csv,Regression,RandomForest,0.2421222050633044,1.043
589_fri_c2_1000_25.csv,Regression,GradientBoosting,0.914341142467329,0.2142
590_fri_c0_1000_50.csv,Regression,SVR,0.5572301519856652,0.04
592_fri_c4_1000_25.csv,Regression,GradientBoosting,0.9039264915139545,0.2705
593_fri_c1_1000_10.csv,Regression,GradientBoosting,0.9429945324334637,0.2292
595_fri_c0_1000_10.csv,Regression,GradientBoosting,0.8890509649882186,0.1958
598_fri_c0_1000_25.csv,Regression,GradientBoosting,0.8933890139925165,0.2215
599_fri_c2_1000_5.csv,Regression,GradientBoosting,0.9569594563211657,0.1805
606_fri_c2_1000_10.csv,Regression,GradientBoosting,0.9441582873215356,0.1996
607_fri_c4_1000_50.csv,Regression,RandomForest,0.4465013353330186,0.5165
608_fri_c3_1000_10.csv,Regression,GradientBoosting,0.8758333385886974,0.2273
609_fri_c0_1000_5.csv,Regression,SVR,0.9384682630994964,0.022
612_fri_c1_1000_5.csv,Regression,GradientBoosting,0.9277354871625003,0.1897
618_fri_c3_1000_50.csv,Regression,RandomForest,0.434010551151902,0.5674
620_fri_c1_1000_25.csv,Regression,GradientBoosting,0.9350382440007351,0.2843
622_fri_c2_1000_50.csv,Regression,GradientBoosting,0.4807363152471049,0.2394
623_fri_c4_1000_10.csv,Regression,GradientBoosting,0.9207959473178216,0.1621
628_fri_c3_1000_5.csv,Regression,GradientBoosting,0.9371460307347232,0.1525
688_visualizing_soil.csv,Regression,SVR,0.48693031248108487,0.388
StudentPerformanceFactors.csv,Regression,Ridge,0.783287902732993,0.003
synthetic_car_prices.csv,Regression,PolynomialRegression,0.9818934840827676,0.022
209_quake.csv,Regression,ElasticNet,-0.0033984860530642536,0.005
287_wine_quality.csv,Classification,RandomForest,0.5526315789473685,0.3374
43357_Within-project-Defect-Prediction-for-Ansible.csv,Classification,RandomForest,0.964946760141973,54.5612000_classification.csv,Classification,GradientBoosting,0.9222665148063781,2.6244
001_classification.csv,Classification,SVC,0.9228020014295926,1.51
002_classification.csv,Classification,GradientBoosting,0.8715162966461975,12.7689
003_classification.csv,Classification,SVC,0.9464627151051626,0.1447
004_classification.csv,Classification,GradientBoosting,0.9743912678421495,3.2396
005_classification.csv,Classification,RandomForest,0.8574453425647403,102.1079
006_classification.csv,Classification,SVC,0.7458359037631092,3.3237
007_classification.csv,Classification,SVC,0.9392369288742346,3.824
008_classification.csv,Classification,GradientBoosting,0.8697211155378486,8.2603
010_classification.csv,Classification,GradientBoosting,0.876066457117198,2.7919
011_classification.csv,Classification,GradientBoosting,0.9738193018480493,7.8221
012_classification.csv,Classification,SVC,0.7267987486965589,4.465
013_classification.csv,Classification,RandomForest,0.9487372618520159,36.893
014_classification.csv,Classification,GradientBoosting,0.5972369819341127,4.3595
015_classification.csv,Classification,GradientBoosting,0.8792763539371449,7.9498
016_classification.csv,Classification,GradientBoosting,0.9332027424094026,3.6402
017_classification.csv,Classification,RandomForest,0.7832941781073343,59.4901
018_classification.csv,Classification,SVC,0.9603563474387528,2.0645
019_classification.csv,Classification,GradientBoosting,0.9382113821138212,0.8639
020_classification.csv,Classification,SVC,0.9764805894020969,2.8251
021_classification.csv,Classification,SVC,0.940983007491321,18.8687
022_classification.csv,Classification,SVC,0.9835514018691589,3.8881
023_classification.csv,Classification,SVC,0.844337811900192,28.33
024_classification.csv,Classification,GradientBoosting,0.9956302693810405,2.9227
025_classification.csv,Classification,SVC,0.8935849056603774,1.98
026_classification.csv,Classification,GradientBoosting,0.9383290135691417,9.2297
027_classification.csv,Classification,SVC,0.9717391304347827,50.7475
028_classification.csv,Classification,SVC,0.9681475272422464,1.9757
029_classification.csv,Classification,RandomForest,0.9009423378954454,6.2375
030_classification.csv,Classification,SVC,0.7768670309653917,4.5799
031_classification.csv,Classification,GradientBoosting,0.8995893990294886,7.8179
032_classification.csv,Classification,RandomForest,0.6465587044534413,1.8455
033_classification.csv,Classification,SVC,0.805606337599025,2.1603
034_classification.csv,Classification,GradientBoosting,0.9138620459846718,2.0675
017.csv,Classification,LogisticRegression,1.0,6.4774
018.csv,Classification,LogisticRegression,0.5217540253511477,3.325
019.csv,Classification,RandomForest,0.9968282736746715,1.2671
020.csv,Classification,LogisticRegression,1.0,3.9722
021.csv,Classification,KNN,0.5029423840153278,0.7964
022.csv,Classification,DecisionTree,0.5057749127048079,3.7614
023.csv,Classification,RandomForest,0.9987734361310671,12.9874
024.csv,Classification,LogisticRegression,0.931161324224908,1.1185
025.csv,Classification,LogisticRegression,1.0,1.1237
026.csv,Classification,RandomForest,0.9986774017557492,175.6908
027.csv,Classification,RandomForest,0.9993918384722983,6.8399
028.csv,Classification,LogisticRegression,1.0,2.847
029.csv,Classification,RandomForest,1.0,0.6347
030_classification.csv,Classification,GradientBoosting,0.9727342973838172,0.8814
031.csv,Classification,RandomForest,1.0,0.4634
032.csv,Classification,GradientBoosting,0.9926289926289926,0.3711
033.csv,Classification,LogisticRegression,1.0,3.008
034_classification.csv,Classification,GradientBoosting,0.9772574802093117,0.8621
18_classification_dataset.csv,Classification,KNN,0.29514563106796116,0.0344
19_classification_dataset.csv,Classification,LogisticRegression,0.8574908647990256,4.2086
20_classification_dataset.csv,Classification,KNN,0.29288398593768944,15.5958
21_classification_dataset.csv,Classification,KNN,0.9328968903436988,0.0772
22_classification_dataset.csv,Classification,KNN,0.36467131839882483,0.0742
23_classification_dataset.csv,Classification,KNN,0.6653465346534654,0.045
24_classification_dataset.csv,Classification,KNN,0.14549221412818286,4.2378
25_classification_dataset.csv,Classification,LogisticRegression,0.7979990471653168,2.6559
26_classification_dataset.csv,Classification,KNN,0.16462536023054755,0.085
27_classification_dataset.csv,Classification,KNN,0.7262350788533589,0.659
28_classification_dataset.csv,Classification,KNN,0.24470318228889698,5.9904
29_classification_dataset.csv,Classification,LogisticRegression,0.9884971242810703,1.0759
30_classification_dataset.csv,Classification,LogisticRegression,0.8432229856339788,1.0485
31_classification_dataset.csv,Classification,KNN,0.31209150326797386,0.3452

