n_instances,n_features,n_num_features,n_cat_features,missing_values_pct,mean_skewness,mean_kurtosis,avg_correlation,max_correlation,mean_corr_with_target,max_corr_with_target,pca_fraction_95,var_mean,var_std,mean_feature_entropy,feature_to_instance_ratio,task_type,best_model
127221,7,7,6,11.11111111111111,0.1320123763237845,0.1141228182046887,5.65226855946379e-16,1.6550805174566785e-15,0.2296048175759781,0.5610146359825876,1.0,2.5617317295194012e-34,0.1482733709629511,1.8631189138221151,5.502236266025264e-05,regression,RandomForest
2223,23,23,1,10.522758981513777,3.303541716948279,59.83608730272337,0.2637667072996285,0.8803578860425847,0.1787629806267483,0.4580224187709429,0.6363636363636364,5.0182831014468345e-30,1.8312842442630632e-31,1.306427749298814,0.0103463787674314,regression,GradientBoosting
350,11,11,0,0.0,-0.0345830573984211,-1.4054892765326026,0.0429394434232862,0.155184897973629,0.0445236535756851,0.1773261955379704,1.0,1.1473001855287568,0.0704427974187884,1.7205658828426886,0.0314285714285714,regression,LinearRegression
929,8,8,3,0.0,0.7468567600827503,-0.6734012183003472,0.0763440338515969,0.348235248233312,0.1900106292834136,0.7749202907670545,0.875,0.1226675499773476,0.1089525147860841,1.0784037452918884,0.0086114101184068,regression,GradientBoosting
13389,20,20,1,0.0,2.7588048360407416,74.80208501288494,0.1751164424791672,0.8367788313135675,0.1169947338104929,0.7569498208241066,0.7894736842105263,3.773284858165432,0.0295443643589416,1.2762791379628318,0.001493763537232,regression,ElasticNet
12767,20,20,1,0.0,2.943626305516246,90.25951460125796,0.1674264081266303,0.8359159672431234,0.2286588956249525,0.5902331073388701,0.7894736842105263,3.769211294213836,0.0277385340534026,1.2408937149970454,0.0015665387326701,regression,GradientBoosting
2773,11,11,9,15.4925,0.8797689495771155,4.504164760392003,0.4997856565043942,0.8321753091477577,0.603899737377952,0.9895908063962902,0.7272727272727273,0.994604479709609,0.1116144387296873,1.146041273285472,0.0039668229354489,regression,KNN
33979,20,20,0,0.0,0.4112607757469357,0.1091461755504144,0.0045596356475528,0.0149625366575245,0.2210249073381449,0.229338939694571,0.95,0.0001588776879527,7.410580635400296e-05,1.6942142168806311,0.0005885988404602,regression,LinearRegression
908,28,28,9,0.0,4.469941874882255,58.95504522435984,0.1323961117560428,0.7386114438068204,0.3146863462681326,0.7999384645953741,0.7407407407407407,130084653.8826941,7428491.797716939,0.6434987210382611,0.0308370044052863,regression,Ridge
7190,9,9,3,0.2759009009009009,0.458028096057495,-0.1083038539300982,0.2099518193409358,0.9100331886680456,0.4129918176295798,0.9966850272758262,0.6666666666666666,0.0817891425938213,0.0977293990214586,1.355472162734812,0.0012517385257301,regression,KNN
12000,44,44,6,0.0,1.7448648336142427,9.350615493694066,0.0329779657269269,0.9443681181969968,0.1400249017520705,1.0,0.7727272727272727,67.10564952893763,12.814392435796298,0.9951356924765036,0.0036666666666666,regression,SVR
116311,3,3,18,2.5408602312422466,51.06582994345812,13508.028194062064,9.46074366053923e-16,1.6439515050381252e-15,0.1235249508614846,0.3488088676646723,1.0,4.648618831818999e-26,312363.5830937378,0.016873890847056,2.5792917264919053e-05,regression,KNN
2968,7,7,6,3.968131055013508,0.2132129568926776,0.5882315245894925,0.2104480394375242,0.9056064362652888,0.2975750457542491,0.9999999999999992,0.7142857142857143,581056.28864628,0.7460298817832632,1.6718074343150295,0.0023584905660377,regression,KNN
69519,45,45,7,0.0,1.6758790641887278,20.83812420255847,0.0392969236391075,0.9954600097943984,0.1334100404803183,0.7320639361691024,0.7555555555555555,0.1102997373460727,0.1183595816798932,1.0217982652771989,0.0006473050532947,regression,PolynomialRegression
33384,15,15,11,2.077814447026092,0.4588837328722761,6.008752973560436,0.2046885389362926,0.8857315856077125,0.3775816277508327,0.9926680040010384,0.8,4.0781111227682206e-29,5.28255070460499e-32,1.191586436320633,0.000449317038102,regression,KNN
3044,2,2,5,0.0,1.707826916369476,5.485174290506246,0.0216469803578717,0.0216469803578717,0.1525078059836775,0.2961481241205512,1.0,7.129142468584783e-29,4.930380657631324e-32,1.5072919475419309,0.0006570302233902,regression,RandomForest
17405,15,15,2,0.0,2.047131405078792,6.2460642094555405,0.0881597985761809,0.5752415479901327,0.1363571735013952,0.9662449704004256,0.8666666666666667,0.004176880176499,0.1323210086696587,0.9972067577323152,0.0008618213157138,regression,PolynomialRegression
259443,18,18,0,0.0,1.9181591036070755,16.553850178062007,0.0311109014080027,0.300475409991036,0.099855462235782,0.3067004520486233,0.9444444444444444,0.5396657092551607,0.1299313706339579,0.9161105403388698,6.937940125576717e-05,regression,GradientBoosting
276195,40,40,8,0.0,1.8098086042786776,6.777270917831904,0.0605603014681696,0.6995211806133584,0.1702038678990441,0.5426918661548049,0.8,0.2679493014848957,0.1275675421339936,0.9071044904156692,0.0001448252140697,regression,GradientBoosting
272687,15,15,0,0.0,0.6192369925058029,0.917172917027926,0.1425190497568881,0.5585760276615841,0.2768888688906725,0.4766932278077337,0.9333333333333332,7.277211416266602e-31,4.930380657631324e-32,1.6406755279850394,5.500812286614324e-05,regression,GradientBoosting
490668,10,10,0,0.0,-0.0029257490393626,-0.736014729992292,0.0280029157672173,0.1601047002109174,0.1721176716452683,0.6074504029239985,1.0,1.2082721521708226,0.1663501201319445,1.1363619336477548,2.0380379401142933e-05,regression,GradientBoosting
6229,9,9,0,0.0,0.5142589381041058,0.2150692847099275,0.0677960919388892,0.3088961800231071,0.1309616563290998,0.4574502169545769,1.0,0.0041682000470046,0.055572341915067,1.8047061965449955,0.0014448547118317,regression,GradientBoosting
39884,9,9,0,0.0,-0.0173231696477987,-0.833831217574006,0.2890824756315979,0.6463275934560341,0.2815207353066686,0.5937987683184496,0.8888888888888888,1.9138281109813323e-31,4.930380657631324e-32,2.035430018277373,0.0002256543977534,regression,RandomForest
74252,13,13,6,0.0,0.8831805712508584,-0.1748389374370215,0.095285229918535,0.8815889872052399,0.0896835785171377,0.1939843270633463,0.8461538461538461,0.4195626966482946,0.3888332600612363,0.816952568866846,0.0001750794591391,regression,GradientBoosting
124002,10,10,0,0.0,0.0157099574806567,-1.5446387255081833,0.0302263663612463,0.2790042876519965,0.0029290511201813,0.0064823222276192,1.0,0.0046021679945397,0.0035478320313023,1.053030296661866,8.064386058289383e-05,regression,GradientBoosting
131256,36,36,0,1.3577190537132666e-05,0.0028491366379383,-0.020001548218053,0.3875102469957434,0.8233547909791367,0.3735830306683829,0.6071420945647718,0.7222222222222222,2.141367102617963e-31,9.860761315262648e-33,1.8275974274361528,0.0002742731760833,regression,RandomForest
76052,63,63,0,0.0,-0.0093244090696141,0.254855763528131,1.9526270368538514e-16,1.1454541422991711e-15,0.0342787685962628,0.3560028007052614,0.9523809523809524,4.904247413346084e-34,0.4503441101278765,1.514908052366549,0.0008283805817072,regression,PolynomialRegression
55112,11,11,3,0.0,0.3523726924004762,-0.6575069518221098,0.0504414693227544,0.671898245462066,0.0031774201326667,0.0070220819128289,0.9090909090909092,0.0518464725486561,0.0870793250481091,1.5051199348390203,0.0001995935549426,regression,GradientBoosting
21016,21,21,0,0.0,0.1171591144881336,0.6277886765165421,8.67187542716974e-16,9.240080598029241e-15,0.0450375211315779,0.1311836706449184,0.9523809523809524,3.7550778688293447e-32,1.8404551515474887,1.6189074691466236,0.000999238675295,regression,RandomForest
5734,8,8,0,0.0,0.0005754523688039,-1.1926750371930028,0.010039015652383,0.0325139589861462,0.0110154285912158,0.0206512572873026,1.0,5.980913406979059e-34,7.043400939473319e-33,2.3019659505009384,0.0013951866062085,regression,SVR
4030,21,21,0,0.0,7.142729569842208,193.99256747206508,0.1681115554335202,0.9302392049868942,0.2175196813309199,0.7264974011335938,0.6666666666666666,2.7856608142410306e-33,1.9721522630525296e-32,0.7948330158260807,0.0052109181141439,regression,GradientBoosting
4882,6,6,0,0.0,0.0225285774376148,-0.3069797535455287,0.1562202251021267,0.4876716826847543,0.3486920022492393,0.6834849651816898,1.0,32.17540717516763,93.54462960657447,1.976787540202844,0.0012290045063498,regression,PolynomialRegression
28537,10,10,0,0.0,-0.003522890115251,-1.5492404405621245,0.005755451377212,0.0170028212162269,0.0064028363185929,0.0165201431929573,1.0,1.575873455709494e-05,0.0033787131712054,1.058037017162815,0.0003504222588218,regression,PolynomialRegression
9362,14,14,0,0.0,-0.6030808691355529,5.826383723920496,0.1418880525562127,0.8472606831003408,0.1381147922223468,0.4788613467947613,0.75,8.764501582029324,1.0185057185110429,1.5058776560749405,0.0014954069643238,regression,PolynomialRegression
9875,8,8,0,0.0,0.920228525657443,1.813375794761186,0.1255603452067184,0.4006002036623607,0.249546905318184,0.4297738311893263,1.0,4.699673279566067e-32,4.2260405636839916e-32,1.735400876040115,0.0008101265822784,regression,RandomForest
5734,8,8,0,0.0,-0.0035324351776436,-1.1867974213074608,0.006900127558434,0.0183861730548637,0.0112592424056128,0.0316951854406103,1.0,5.6852336156664365e-34,7.043400939473319e-33,2.3018124746731075,0.0013951866062085,regression,RandomForest
4223,12,12,0,0.0,3.650662614993125,64.73810805220604,0.2364468760162644,0.8188554897235664,0.4482528993041484,0.6874163222109595,0.8333333333333334,5.8728701047883124e-33,4.0339478107892646e-32,1.087452183769894,0.0028415818138763,regression,KNN
7567,26,26,0,0.0,-7.4976843488845555,588.7351902846987,0.0985835063951193,0.9282236555813852,0.1476523303765357,0.7347129083648325,0.7619047619047619,0.0154338473041575,0.2571225668944226,1.0408156947521112,0.003435971983613,regression,Ridge
5734,32,32,0,0.0,-0.0017369369172346,-1.1960931340458272,0.0103555492811892,0.0391687360105155,0.0128372548591729,0.0396734238676687,0.96875,1.4968042793876607e-32,4.771336120288378e-33,2.301873559506359,0.0055807464248343,regression,GradientBoosting
618,37,37,1,15.35935932798395,0.0969400631765513,0.6275632670386189,1.569752243980049e-16,1.4613981261667976e-15,0.1229151162675512,0.548543479393941,0.972972972972973,3.24331374989952e-33,0.713642823938054,1.8163936159836185,0.0598705501618122,regression,KNN
28537,11,11,3,0.0,0.3353820714087023,-0.6309633539491507,0.0531050515901283,0.7489195922569208,0.0046379331990854,0.0144016228865605,0.8181818181818182,0.0555822525431724,0.0881051353439152,1.5978856604281773,0.000385464484704,regression,RandomForest
996,30,30,0,0.0,0.2277101595472257,1.2840947274707726,1.3756640417623367e-16,1.2052995575193637e-15,0.0954478470661065,0.3632969754800985,0.9666666666666668,5.4043442438329015e-33,1.0625824257219416,1.7378703600263383,0.0301204819277108,regression,GradientBoosting
113088,18,18,4,0.0,1.2617421411340648,1.8936228643194009,0.0586920760444937,0.598969449959367,0.045952290846891,0.4191788011217202,0.8333333333333334,10.21657843488302,1.6401371621592635,0.8341512772410482,0.000159168081494,regression,GradientBoosting
2508,26,26,0,0.0,1.5200507381695,30.53198777982387,1.711948766548121e-16,1.4724265388590754e-15,0.038425327396798,0.1654625680411765,0.9615384615384616,1.745328842307888e-33,0.9370358774094396,1.1855827095559426,0.0103668261562998,regression,SVR
12768,20,20,0,0.0,2.882722627105877,89.51316939546864,0.1727967918767546,0.8359143017588148,0.2205045171725876,0.5902174714218521,0.7894736842105263,3.766592113051255,0.0283800219361475,1.3586326099372374,0.0015664160401002,regression,GradientBoosting
90831,2,2,10,6.7840261844953815,0.479096472422322,-0.42810739919296,2.2040897682687165e-15,2.2040897682687165e-15,0.1218455746545232,0.2333173909909024,1.0,1.372091907560501e-26,659087.2596314216,1.6814417642293762,2.2018914247338464e-05,regression,RandomForest
68302,25,25,6,0.0,1.984063803074476,41.49176987614842,0.0453943999662507,0.613698362008587,0.0922143081770942,0.9865256083912514,0.9,199177.4450839217,1.755975728496064,1.125581670348746,0.000366021492782,regression,ElasticNet
3312,35,35,0,49.81395513408975,4.199938744443696,80.6122822818834,0.2072628458195203,0.945124178198214,0.2073876124213874,0.5228370084588515,0.6285714285714286,3.5828544494572,0.9062872770625054,0.809634976873232,0.0105676328502415,regression,GradientBoosting
3267,36,36,0,49.2450143605817,3.968159975211085,60.0165043777739,0.1949533574562129,0.9315353233100786,0.1368336631337675,0.3649994727344238,0.6111111111111112,2.5566865029626644,0.5074866283780415,0.861471729214068,0.0110192837465564,regression,GradientBoosting
209293,47,47,10,0.0,16.865743383399007,1353.7864757782831,0.0530832609737528,0.8475239846550724,0.0141390320720831,0.0556847934252616,0.851063829787234,1.4660815432210983,0.1661208255446211,0.7884790358992233,0.0002245655611988,regression,GradientBoosting
68323,2,2,4,0.0,-0.5801535814499612,-0.4913951699046746,0.41705488190226,0.41705488190226,0.7085274409511324,1.0,1.0,0.3115048246273623,0.1753536301033267,1.207432351584758,2.9272719289258377e-05,regression,Ridge
101405,22,22,6,0.0,0.5594162890770579,3.4798879858836,0.1101696868077622,0.7938329193615397,0.2351409179456176,0.9188677322506762,0.875,1.048125070645183e-31,1.4086801878946639e-32,1.562926876578152,0.0002169518268329,regression,RandomForest
17523,8,8,4,0.0,0.3809382890372475,1.1507416423284689,0.0838876371152983,0.3602384197864298,0.1485910730672678,0.309548845272219,0.875,21.26968192540789,0.5481485044434093,0.8711501983944052,0.0004565428294241,regression,GradientBoosting
94132,3,3,0,0.0,1.1665886963279102,0.775456656936368,0.2191589117406841,0.612889951839962,0.5359669056429155,0.958595415694684,1.0,2.0118648224988724e-32,0.0,1.9226307023444964,3.1870139803679936e-05,regression,RandomForest
76430,9,9,0,0.0,0.311198277760308,-0.7423042974730042,0.0658073655442789,0.5189260828861176,0.0791187913458665,0.401518137439227,1.0,17.964405332883647,2.426472379632985,1.5642398775475013,0.0001177548083213,regression,GradientBoosting
23564,18,18,0,0.0,0.2616343627938651,1.1883134200557923,4.1864085910742654e-16,7.13481522708663e-15,0.0492116833130437,0.2480533966551424,1.0,7.207922971980561e-32,1.435829706239637,1.6186082257823702,0.000763877100662,regression,GradientBoosting
9243,16,16,0,0.0,0.1300994901062455,3.146999452696507,4.675493470768332e-16,6.978572550160881e-15,0.1223718565863739,0.5724925048705455,1.0,3.4058811434867597e-32,1.1749011585721072,1.4191619885910358,0.0017310397057232,regression,RandomForest
170484,31,31,9,0.8888380148322692,3.8536236127137578,431.79378158294577,0.1808772157304344,0.8547541837752599,0.2043968154579986,0.6464360734102278,0.5862068965517241,0.0473219579704324,0.1493915404131775,0.9390575376527784,0.0001818352455362,regression,RandomForest
13040,121,121,0,0.0,-0.0128991006625862,0.4779430747480164,9.878786348336871e-17,1.7217680465496217e-15,0.0421652707606812,0.3520803616898125,0.950413223140496,1.2521334374734285e-33,2.0120186384331307,1.5925811180706493,0.0092791411042944,regression,RandomForest
407,44,44,0,0.0,-0.0073128927868412,0.5016380865066734,1.457826995462224e-16,8.644715551265846e-16,0.0843186302825301,0.6038285828785341,0.9545454545454546,1.112056896141244e-33,0.394486213632726,1.8616540923524505,0.1081081081081081,regression,Ridge
3893,48,48,0,0.0,3.676540113891497,257.4584545065432,0.2168446157177048,0.9325823516634184,0.3834217739352603,0.8581055516688323,0.5365853658536586,1.1331448177204719e-29,8.258387601532468e-32,0.5947089265249342,0.0123298227587978,regression,LinearRegression
15283,7,7,3,0.0,1.4075533786219911,4.19635375658062,0.0771544863115941,0.9019642473407472,0.0119069350065808,0.0234841066376388,0.8571428571428571,0.0635350279926345,0.0679535427794403,0.7088354383643773,0.0004580252568213,regression,PolynomialRegression
7039,6,6,1,0.0,0.0927431681493946,-0.4797710896681875,0.1525208178515235,0.2301895711887791,0.402291550098834,0.898224313814569,1.0,0.1035892794717217,0.0844534128639508,1.507138015108812,0.0008523938059383,regression,GradientBoosting
71983,13,13,0,0.0,0.9950116315430992,2.559136496492361,0.1120899399874825,0.9462627433401816,0.2783342939337431,0.8906402047140322,0.7692307692307693,6.441887977200263,3.6208475849095794,1.6709805429440996,0.0001805981967964,regression,RandomForest
73581,18,18,1,0.0,0.6624050002250121,0.914371127990493,0.0860618762056655,0.9468507773727326,0.2198856206114026,0.8900101267830463,0.7647058823529411,16.692436873955888,13.499493136513614,1.7101824492825053,0.0002446283687364,regression,RandomForest
9162,8,8,11,6.544939924606327,-5.703754647666249,286.89446028764945,0.3313005542666078,0.9453935205748512,0.5708954047082133,0.9693842400732342,0.625,39.11530078412771,3.5228495103685185,1.278785709617242,0.0008731717965509,regression,GradientBoosting
64324,18,18,7,3.672416666666667,2.272572717475952,10.532764634540175,0.1214736818500466,0.9462090547676012,0.2728324806334038,0.9885403983276896,0.7777777777777778,0.2063792225021491,0.1468306360595422,0.8670324505887632,0.0002798333436975,regression,DecisionTree
15278,4,4,1,0.0,0.4892830706969226,0.3424554329826655,0.0414463111133439,0.0962136396227196,0.2765919749954109,0.9982863205402048,1.0,12.946902119724776,0.1995373070148116,1.7839690805791166,0.0002618143736091,regression,SVR
85044,4,4,1,0.0,0.3573227521385245,-0.6602411758915019,0.1902158098674272,0.5260665905462014,0.4041025494131824,1.0,1.0,0.3122725347930963,0.0566921154809438,1.4172402895009566,4.703447627110673e-05,regression,GradientBoosting
85385,4,4,1,0.0,0.044326521055522,-0.5596429695520813,0.1794477036180304,0.2929403149206953,0.3685941462845164,1.0,1.0,0.4933669832011626,0.0604112080241534,1.3858653466129904,4.6846635825964746e-05,regression,Ridge
189757,4,4,1,0.0,0.2482086959383806,-0.3558769123291972,0.2555926296146055,0.6051706261705823,0.5411930322522572,0.9999999999999996,1.0,0.6492141490140447,0.0560949364553298,1.702300786584973,2.107959126672533e-05,regression,GradientBoosting
22259,18,18,1,0.0001186598555909,9.857434509077455,1436.095447760378,0.0550858907132606,0.3860729798947635,0.1712531029497695,0.9999999999999964,0.9166666666666666,0.0822938040860747,0.1901684573706738,0.2362295188386357,0.0008086616649445,regression,SVR
28000,30,30,21,9.9929,0.2888043023822223,-1.161097338510533,0.0263053758328395,0.9086317080495294,0.1438798013051054,0.9999999999999998,0.8666666666666667,136136.75789762705,0.341345339340521,1.3712288231147125,0.0010714285714285,regression,Lasso
264646,44,44,14,20.08396461409886,12.761488996375068,4354.109138214894,0.0529161789662323,1.0,0.1112193079843252,0.6250829933335204,0.6756756756756757,26867.836574872872,1.1913549747915524,1.0054775762001398,0.0001662598338913,regression,GradientBoosting
89404,5,5,9,5.88235294117647,1.160409547597645,6.564326857196123,0.0800684946584431,0.3820966503277452,0.1520869289971474,0.4377825616591749,1.0,7857076.927278954,122544.95581149618,1.7378603403405766,5.592590935528612e-05,regression,RandomForest
15550,15,15,1,0.0004056910338224,0.0127147759070777,-0.1684015141398726,0.1688221404102038,0.9179775933555344,0.1634656353977512,0.3481826817095956,0.7,404278.38779241376,124.91095618008652,1.612703885782722,0.0009646302250803,regression,DecisionTree
64358,16,16,7,4.4069,2.531870286323093,11.96165622498101,0.1439659234295948,0.9452713928383164,0.3062886600368624,0.9885909294817838,0.75,0.0219896905558114,0.1459602290532943,0.7573511541419599,0.000248609341496,regression,DecisionTree
22259,17,17,1,0.0001252520697904,10.376641838506,1520.6253848625977,0.0609382063623613,0.3860729798947635,0.1800196530525556,0.9999999999999964,0.9090909090909092,0.0897740258031088,0.202854850847099,0.1850149460376985,0.000763736016892,regression,SVR
28000,23,23,20,10.409270833333332,0.3694310252835407,-1.146421515158762,0.0411919744796506,0.9086317080495294,0.1859035997809211,0.9999999999999998,0.8695652173913043,0.0345200171160361,0.0650164424813927,1.136914716324916,0.0008214285714285,regression,ElasticNet
34366,20,20,3,0.0,1.8816200741204825,3.446731758780812,0.0777109478948406,0.5694007830670886,0.0844275065526945,0.9091404408437496,0.8,0.011733432674553,0.0626078024838293,0.6592315155782618,0.00058197055229,regression,GradientBoosting
24798,11,11,3,0.0,0.6707280594592967,0.3004658573954785,0.0592189852318587,0.8362863912737634,0.107580276098156,0.2869193054265241,0.8181818181818182,76.73130749152268,2.4419216657809013,1.1423737067820192,0.0004435841600129,regression,GradientBoosting
12754,7,7,0,0.0,0.3778903398715478,-0.4215435450795825,0.2421937417042954,0.9242413256946757,0.1814572195505983,0.6459605803923394,0.5714285714285714,1.2097170109221511e-32,8.217301096052206e-33,1.9786672968280457,0.0005488474204171,regression,RandomForest
27947,7,7,0,0.0,0.4416624241478528,-0.0328559598366749,0.5686675599103906,0.9246557968028348,0.1196377853686895,0.3517097089217496,0.5714285714285714,1.4551506857018615e-31,0.0,1.9793336634388228,0.0002504741117114,regression,RandomForest
9302,16,16,0,0.0,0.1685181932305171,3.715867812019292,5.14599386377372e-16,8.409462928828899e-15,0.1209688343805033,0.5720024521965509,1.0,3.1060397797504617e-32,1.1711384776371487,1.4325281764919504,0.001720060202107,regression,RandomForest
4496,14,14,0,0.0,0.3441216686033116,-0.457034286514441,0.4715224914059237,0.8895921193703108,0.5325212757722414,0.7860130397843771,0.5714285714285714,343.8450610389661,1.536806714933649,2.088338805975169,0.0031138790035587,regression,PolynomialRegression
2028,3,3,0,0.0,-0.0548943480406802,-0.2400931142454007,0.1948787578876098,0.3967213346622341,0.4264677824139364,0.525916335631761,1.0,5.189462731636324e-31,0.0,2.064610459316871,0.0014792899408284,regression,GradientBoosting
2652,4,4,0,0.0,0.0062266738677248,-0.3671725243112272,0.2771638799746843,0.8939730446627803,0.3195548790397245,0.5606131343469939,0.75,1.2580124559712651e-34,1.6434602192104412e-32,2.004149091317409,0.0015082956259426,regression,PolynomialRegression
12718,7,7,0,0.0,0.3825803465806877,-0.4094225019687846,0.2402773605706788,0.92241566534389,0.1812328134251088,0.6291013078839607,0.5714285714285714,5.6587297695166935e-30,8.217301096052206e-33,1.977901581027089,0.0005504010064475,regression,GradientBoosting
698,5,5,4,0.0,0.7443087040934598,-0.0322612778122124,0.1166757363654726,0.4143308970717024,0.3698081597726818,0.6729233331598414,1.0,16.099178920944816,3.761988428408495,1.3483262487142782,0.0071633237822349,regression,ElasticNet
5689,32,32,0,0.0,0.620386773969207,0.9726782696574828,0.0137070702903559,0.4319995586611096,0.0600643343834173,0.5215265426268902,0.9375,2.7641022614425275,0.038267733773899,1.8990370540627604,0.0056248901388644,regression,PolynomialRegression
28537,10,10,0,0.0,0.0024032397892543,-1.1960621622861802,0.0083019262306412,0.0426507043473693,0.0065100334744258,0.0128770032440056,1.0,1.5549292248907743e-32,2.191280292280588e-32,2.3023993762751536,0.0003504222588218,regression,GradientBoosting
5172,8,8,0,0.0,0.2126535200968717,-0.7861746047195983,0.0099301558254462,0.0237954401584784,0.200278189392919,0.7465906064531721,1.0,5.305470474793178,0.0021288613816136,2.091293022764555,0.0015467904098994,regression,Ridge
11025,15,15,0,0.0,1.1148652210884622,15.487034088950976,0.1789870486617805,0.9117663513460786,0.1646210813097422,0.3339802706726928,0.8,1.5385419128586688e-31,7.043400939473319e-33,1.1676990437619603,0.001360544217687,regression,GradientBoosting
700,45,45,0,0.0,-0.0173541985075886,-0.0863488216475221,1.764431214751867e-16,1.258114095093626e-15,0.031313837403206,0.1105056943182137,0.9555555555555556,6.718640190701056e-34,0.0190575247928952,1.918069509330344,0.0642857142857142,regression,RandomForest
700,25,25,0,0.0,0.0611994077517489,-0.9886488738190968,0.0455251003383533,0.9248148811678206,0.0325636830223266,0.0809876696001173,0.84,9.78305583289802e-34,4.314083075427408e-32,2.249983639954245,0.0357142857142857,regression,GradientBoosting
700,87,87,0,0.0,0.0113293678596138,-0.0322673170676797,1.363127854937265e-16,1.6470618918739661e-15,0.0375942252761195,0.1164848036588579,0.9540229885057472,1.3401064249549536e-33,0.0382763245028666,1.9020465540107383,0.1242857142857142,regression,RandomForest
700,25,25,0,0.0,0.0223648215122579,-1.1272450711079685,0.039240263545994,0.8854812625204258,0.0326995709735824,0.1321450646438287,0.88,5.6034346354056065e-34,4.314083075427408e-32,2.2818427607659144,0.0357142857142857,regression,GradientBoosting
700,46,46,0,0.0,0.0021902846863329,-0.0809372886338651,1.6827354303591103e-16,1.2654858611774401e-15,0.0387815818352392,0.0936323981990575,0.9565217391304348,5.947620800270877e-34,0.0153689120106961,1.9102328624586395,0.0657142857142857,regression,SVR
700,25,25,0,0.0,0.0944543336352081,-0.998390896747232,0.0533977659413888,0.9274294958460828,0.0238071334131062,0.0588761230545051,0.84,8.374697629046303e-34,3.697785493223493e-32,2.2440458942046946,0.0357142857142857,regression,GradientBoosting
700,10,10,0,0.0,-0.0290603490364309,-1.1499487335427132,0.0573066164814042,0.8779138156500276,0.0236453112891451,0.070699645910421,0.9,5.40951080153937e-34,5.478200730701471e-33,2.273207902331188,0.0142857142857142,regression,GradientBoosting
700,10,10,0,0.0,-0.0294593428514349,-1.2069742595138455,0.0228786335161688,0.0986515056076772,0.0397641332143777,0.0919061031747722,1.0,7.215528242432258e-34,1.6434602192104412e-32,2.2961329649670987,0.0142857142857142,regression,GradientBoosting
700,25,25,0,0.0,-0.0007109797306865,-1.204486366361888,0.0299444234403763,0.1003530750993859,0.0397409186418969,0.101088898047639,0.96,6.1352449463403155e-34,3.903218020624798e-32,2.2959464246954107,0.0357142857142857,regression,GradientBoosting
689,5,5,0,0.0,0.0971770351046745,-0.910611563355333,0.2722170044852687,0.8847065772166337,0.2965754520691374,0.4549685715621561,0.8,8.009566804850169e-34,0.0,2.231251604859053,0.0072568940493468,regression,GradientBoosting
693,10,10,0,0.0,0.1080231925912163,-1.0322077819170743,0.0788095324204082,0.8777878213310126,0.160025692556655,0.4644373399298658,0.8,6.409137473585429e-34,1.6434602192104412e-32,2.2612512111659235,0.0144300144300144,regression,GradientBoosting
700,43,43,0,0.0,0.0172304382515223,-0.0934255872954377,1.611226581418748e-16,8.924539622866697e-16,0.0339646006104811,0.112864703199214,0.9534883720930232,4.8397847598330435e-34,0.0314823734400857,1.9221746271701463,0.0614285714285714,regression,RandomForest
660,10,10,0,0.0,0.1867266718263422,-0.8976480859652028,0.1370387044964074,0.9174064057043,0.1432916446599914,0.3996351881012282,0.7,4.497054476784102e-34,1.6434602192104412e-32,2.2217185583300205,0.0151515151515151,regression,GradientBoosting
700,5,5,0,0.0,0.0304411359023345,-1.1714848423946136,0.0311075034500034,0.0464692237105734,0.0407920406647468,0.055672339641329,1.0,3.0942666527240503e-34,1.232595164407831e-32,2.296302937505501,0.0071428571428571,regression,SVR
700,5,5,0,0.0,-0.0090756000600469,-1.0923550845406629,0.166720976832996,0.8769979907209575,0.0436709939224781,0.0991963844702324,0.8,6.194972986307048e-34,1.232595164407831e-32,2.2700490144068146,0.0071428571428571,regression,GradientBoosting
700,44,44,0,0.0,0.0075582062896615,-0.07429961245094,1.5934654319523734e-16,1.3489999333860782e-15,0.0428274812204564,0.1150372675699907,0.9545454545454546,6.765023865978782e-34,0.0291091068789206,1.918552638474481,0.0628571428571428,regression,RandomForest
700,25,25,0,0.0,0.0032338111909358,-1.183387456358272,0.0355675248828678,0.8936945917961489,0.0264413280238759,0.0699814579765044,0.92,4.7723669885549125e-34,3.697785493223493e-32,2.291187721888674,0.0357142857142857,regression,GradientBoosting
700,45,45,0,0.0,0.0068180482792002,-0.0518775540454532,1.6424790873570482e-16,1.0875274158940425e-15,0.0308426325507228,0.1068239962787648,0.9555555555555556,6.6744527593526365e-34,0.0232714718517889,1.9051125538976743,0.0642857142857142,regression,GradientBoosting
662,10,10,0,0.0,0.2361361095519876,-0.8065539228108127,0.1645701481860051,0.9180464573505596,0.1263380328490363,0.4202429831056519,0.7,6.1162182855225365e-34,5.478200730701471e-33,2.209606041508843,0.0151057401812688,regression,GradientBoosting
673,5,5,0,0.0,0.3044829157926338,-0.6259048906814575,0.5252160106837597,0.912658409964378,0.2247801521824322,0.3667560726612099,0.6,6.827416103774245e-35,1.232595164407831e-32,2.164275380250957,0.0074294205052005,regression,GradientBoosting
4550,4,4,0,0.0,0.1339146002087032,-0.7030587609648918,0.1432852952865841,0.3713333826712933,0.3530711539548037,0.9997300425394586,1.0,6.082919999053338e-33,0.0,2.2241881923445828,0.0008791208791208,regression,SVR
4285,27,27,13,0.1778416830634176,0.285748172053724,-0.469487191887475,0.0249063016007869,0.7999591354117647,0.0955139165332519,0.5858804305296086,0.8518518518518519,1.900106458938563,0.0827189696887768,0.8744509155931562,0.0063010501750291,regression,Ridge
1750,14,14,4,0.0,0.8906581898231166,-0.3149781714400702,0.0485741613877765,0.346558014006868,0.0274108865537197,0.0720102191795167,0.8571428571428571,289620.69586174475,1.8242914850930505,1.0821368851598463,0.008,regression,PolynomialRegression
448045,18,18,0,0.0,1.919552592656304,16.47499976234719,0.0308506808671506,0.3007166305745894,0.099548793319231,0.3062580821379604,0.9444444444444444,0.5394293299770545,0.1299368320637104,0.9043505606662912,4.017453603990671e-05,regression,GradientBoosting
584317,40,40,8,0.0,1.8084212264918669,6.76672359072754,0.0605266871957909,0.6992177197365064,0.1702038576445506,0.541721507703648,0.8,0.2676793251925772,0.1276000565772864,0.8856380626010971,6.845599220970809e-05,regression,RandomForest
12199,9,9,0,0.0,0.4770180331325024,-0.3977906216081466,0.0710352925746503,0.3117787573549548,0.2191039494111231,0.7000951364851078,1.0,0.4895622379448417,0.0792279459089932,1.2619618675185151,0.0007377653906057,regression,GradientBoosting
628726,15,15,0,0.0,0.6212050998518872,0.92883456128524,0.1423548553465303,0.5592112267145296,0.276511602855191,0.4745471440625818,0.9333333333333332,1.0456873087981696e-29,3.52170046973666e-32,1.6431912961297128,2.385776952122228e-05,regression,GradientBoosting
490668,10,10,0,0.0,-0.0029257490393625,-0.7360147299922917,0.0280029157672173,0.1601047002109174,0.1721176716452683,0.6074504029239984,1.0,1.208272152170823,0.1663501201319445,1.1363619336477548,2.0380379401142933e-05,regression,GradientBoosting
74252,13,13,6,0.0,0.8831805712508582,-0.1748389374370212,0.095285229918535,0.8815889872052399,0.0896835785171377,0.1939843270633463,0.8461538461538461,0.4195626966482946,0.3888332600612365,0.816952568866846,0.0001750794591391,regression,GradientBoosting
659498,36,36,0,0.0,0.002123152310298,-0.0183565022824514,0.3868250201255997,0.8235016533881604,0.3740952935256913,0.6079610949439046,0.7222222222222222,1.3782592606385322e-30,1.084683744678891e-31,1.7780250749278683,5.458697372850259e-05,regression,RandomForest
5734,8,8,0,0.0,0.0005754523688039,-1.1926750371930028,0.010039015652383,0.0325139589861462,0.0110154285912158,0.0206512572873026,1.0,5.980913406979059e-34,7.043400939473319e-33,2.3019659505009384,0.0013951866062085,regression,SVR
1345,3,3,0,0.0,0.0321384595981569,-0.2964160917322303,0.1445637412189543,0.2372760533669157,0.0479921630579376,0.0896324526485633,1.0,5.6956511030675126e-33,4.930380657631324e-32,2.015873671341888,0.0022304832713754,regression,ElasticNet
9362,14,14,0,0.0,-0.6030808691355529,5.826383723920495,0.1418880525562127,0.8472606831003408,0.1381147922223468,0.4788613467947614,0.75,8.764501582029324,1.018505718511043,1.5058776560749405,0.0014954069643238,regression,PolynomialRegression
9875,8,8,0,0.0,0.920228525657443,1.8133757947611864,0.1255603452067184,0.4006002036623608,0.249546905318184,0.4297738311893263,1.0,1.9421688212977358e-31,4.930380657631324e-32,1.736753665390423,0.0008101265822784,regression,RandomForest
647,9,9,0,0.0,-0.0262355819551702,-0.7964652998624137,0.4249077090757259,0.8809718849235421,0.3767192138961711,0.7202563676927051,0.5555555555555556,1.196327467812617e-31,2.465190328815662e-32,2.094517960995526,0.0139103554868624,regression,RandomForest
996,30,30,0,0.0,0.2277101595472257,1.284094727470773,1.2984226068051095e-16,1.1275356505631185e-15,0.0954478470661065,0.3632969754800986,0.9666666666666668,5.7810989087638206e-33,1.0625824257219416,1.7378703600263383,0.0301204819277108,regression,GradientBoosting
478,14,14,2,19.480519480519483,0.8284418134980166,11.217436831154,0.2311505998882347,0.8230920477219476,0.419032723413242,0.906174951863894,0.7272727272727273,2379.8176568492745,0.1517124894023381,1.547400144671407,0.0292887029288702,regression,Lasso
168,6,6,0,0.0,0.2864849162281169,1.558745473239038,1.22999448022264e-16,3.428212458037182e-16,0.1113269281858018,0.1488205165063168,1.0,2.2546336340642111e-32,0.2952228316941954,1.8619487956580203,0.0357142857142857,regression,ElasticNet
2508,26,26,0,0.0,1.5200507381694996,30.53198777982385,1.760306568647043e-16,1.3479761078661734e-15,0.038425327396798,0.1654625680411766,0.9615384615384616,1.3794747564677208e-33,0.9370358774094398,1.1855827095559428,0.0103668261562998,regression,SVR
2827,5,5,1,0.0,0.1802983273654249,-0.9080622210989792,0.5556636893062665,0.9405727673472646,0.4385082140105015,0.5830074700116853,0.6,0.0348674268752887,0.0834031285989114,1.4841441610892372,0.0017686593562079,regression,Ridge
871,5,5,0,0.0,0.7797391366080777,-0.2588485991873019,0.209890775756637,0.819086621992366,0.2329558835655996,0.4259755079931979,0.8,1111818.536754135,823068.8793037023,1.7189542365206925,0.0057405281285878,regression,GradientBoosting
1066,7,7,0,0.0,-0.0130343069561536,-0.9020305846977382,0.0787118382487332,0.2043739573944091,0.195427341982124,0.4600854520663838,1.0,1.606520051814747,0.2628247277463909,1.3543170660268014,0.0065666041275797,regression,GradientBoosting
633,8,8,0,0.0,0.3440494931931788,-0.4293936842531456,0.1835810376523851,0.6050388477179774,0.2798541769077541,0.5340857524491128,0.75,127.74736017210355,87.85326933735102,1.861839404779908,0.0126382306477093,regression,GradientBoosting
537,6,6,0,0.0,0.1047012854579423,-1.010644594209392,0.1113157837328057,0.868233166552617,0.070799212326734,0.1226907421570845,0.8333333333333334,18184.41741097881,505.2155219434687,1.588136929956712,0.0111731843575419,regression,RandomForest
260,25,25,2,0.0,1.9119938333349893,13.527767856768508,0.1181739238846215,0.8105246287549978,0.0494284248671374,0.1245080059615762,0.7272727272727273,2.29775498347806,0.2785335650629991,0.9959571323605024,0.0961538461538461,regression,SVR
27968,7,7,0,0.0,0.4404540249694834,-0.0304556383546605,0.567790093814716,0.9234457363409166,0.1235723639936089,0.3602008840960162,0.5714285714285714,4.073522337781039e-31,1.6434602192104412e-32,1.9787022682787967,0.0002502860411899,regression,RandomForest
9243,16,16,0,0.0,0.130099490106246,3.146999452696503,4.540445506746419e-16,6.653174621955251e-15,0.1223718565863739,0.5724925048705455,1.0,4.3336075233158203e-32,1.1749011585721076,1.4191619885910358,0.0017310397057232,regression,RandomForest
405,43,43,0,0.0,-0.0157187244090075,0.6067158354367161,1.5188959395556043e-16,1.1460832723248645e-15,0.0588366508386134,0.21766384364318,0.9534883720930232,1.6556716968337637e-33,0.4070313383905296,1.837705276516599,0.1061728395061728,regression,KNN
408,39,39,17,0.0,0.9257591728713006,2.941300875559805,0.0771128144683839,0.7364625103299297,0.1238862962105612,0.3692954516760635,0.8461538461538461,7.644758009545274,0.4482538813892045,0.7265773299784819,0.0955882352941176,regression,RandomForest
510,6,6,0,0.0,0.4348429958466923,-0.1411242866292455,0.2150409957320893,0.4593066148783087,0.4028546352993977,0.7072599870240706,0.8,0.0283460207612456,0.0275960203105781,1.8104259496172457,0.0117647058823529,regression,SVR
7000,12,12,0,0.0,-0.000974719331584,-1.1332562339033962,0.0371461798317531,0.5859845561338286,0.0086069859437714,0.0165636780075897,0.9166666666666666,2.5461941962020577e-32,3.5857313873682356e-32,2.2773624763915623,0.0017142857142857,regression,GradientBoosting
37663,18,18,2,0.0,1.5680345218836582,7.853150313201638,0.1431083377964667,0.8526080036629253,0.1015830820325645,0.5326856346978023,0.7222222222222222,108690116330.47194,170124853106.9873,1.0544036520948967,0.0004779226296365,regression,GradientBoosting
50400,48,48,0,0.0,-0.148283196397158,-1.11356795024947,0.0662311173920233,0.6774397234158538,0.0049824912986207,0.0150883390953652,0.7916666666666666,2.235291924166497e-31,2.098034322396308e-32,2.161464364270256,0.0009523809523809,regression,LinearRegression
27367,21,21,0,0.0,-0.1366636058559311,0.818610256926867,0.1757208392096625,0.8084743980557573,0.2014813741413827,0.6663400624791508,0.6666666666666666,3.7900577728670576e-32,8.874685183736383e-32,1.656996184354565,0.0007673475353527,regression,RandomForest
12718,7,7,0,0.0,0.3825803465806877,-0.4094225019687844,0.2402773605706788,0.9224156653438904,0.1812328134251088,0.6291013078839607,0.5714285714285714,5.6581885131219066e-30,0.0,1.977901581027089,0.0005504010064475,regression,GradientBoosting
34820,20,20,3,0.0,1.891710682986775,3.5014455323560085,0.0786569550300115,0.5704999536670426,0.0894343103723376,0.9166924334927936,0.8,0.0116999781227087,0.0626858683387645,0.6595725116988503,0.0005743825387708,regression,GradientBoosting
5734,32,32,0,0.0,-0.0024289660600621,-1.199422597561367,0.0106147442017586,0.0373031556159259,0.0127350720521777,0.0371177914362502,0.96875,1.9488677508594136e-32,1.2723562987435674e-32,2.301730989695096,0.0055807464248343,regression,RandomForest
9054,15,15,0,0.0,1.2707208683651785,5.8534607635737705,0.1901630966704871,0.7874338012519095,0.2165909314197322,0.5732591317337267,0.7333333333333333,3.5597292329905383,0.4242216325648166,1.7059856355988154,0.0016567263088137,regression,GradientBoosting
17523,8,8,4,0.0,0.3809382890372476,1.150741642328469,0.0838876371152983,0.3602384197864298,0.1485910730672678,0.3095488452722189,0.875,21.26968192540789,0.5481485044434093,0.8711501983944052,0.0004565428294241,regression,GradientBoosting
14082,21,21,0,0.0,3.628169880703448,81.31879623977393,0.1393848850565756,0.8437325400005657,0.213752193318648,0.6203608770167482,0.7619047619047619,193003.61047820127,0.3065274177698024,1.276878170140712,0.0014912654452492,regression,GradientBoosting
5793,12,12,3,0.0,1.035548710671158,0.884327923316329,0.1647736850925157,0.7144681433572261,0.3168915261385931,0.6441645520564632,0.8333333333333334,1.9573032029901751,1.265161519284116,1.0800269716351918,0.002071465561885,regression,ElasticNet
13236,40,40,9,6.432748538011696,0.2451716763499132,0.9225780733395372,0.1946015346025739,1.0,0.2085062088169672,0.7997917721385649,0.3513513513513513,2449227415.941344,382326519.3445397,1.2013320087512425,0.0030220610456331,regression,RandomForest
13447,18,18,7,0.0,1.7557129108521414,9.186421188324088,0.0744946772015824,0.7782941621379743,0.0993860983256459,0.5073235008729264,0.8888888888888888,0.0651427901785823,0.0635403814195825,0.6574122125627526,0.0013385885327582,regression,PolynomialRegression
353,16,16,0,0.0,0.8894545552960437,2.749706180977101,0.1563367218172445,0.5838834124107584,0.3019824842082639,0.7784892951532795,0.8333333333333334,2.327258330725176,0.1069470985232857,0.6121435686758704,0.0453257790368272,regression,KNN
11887,27,27,1,0.0,-0.1434946991664958,-0.1877268400965694,0.2401001244167136,0.8730976843354703,0.2439661471229696,0.6272048992158817,0.6666666666666666,4.006651806214397,0.1458787083363587,1.819940637332372,0.002271388912257,regression,GradientBoosting
2028,3,3,0,0.0,-0.0548943480406793,-0.2400931142453991,0.1948787578876097,0.3967213346622342,0.4264677824139364,0.5259163356317609,1.0,5.089738417925099e-31,0.0,2.064610459316871,0.0014792899408284,regression,GradientBoosting
366,3,3,0,0.0,0.2333659927528856,-0.6974875368696121,0.2527259788913033,0.677216062972596,0.1179252783040248,0.1516184088979854,1.0,986.9091965521015,96.92261474589732,2.2065491806925404,0.0081967213114754,regression,RandomForest
297,7,7,0,0.0,0.0748989940771226,-0.5751351585446761,0.1329289978570159,0.5143158510865747,0.1453217583874911,0.4292580359553071,1.0,3.448061055091741e-32,0.0,2.0384713801059,0.0235690235690235,regression,SVR
315,13,13,0,0.0,1.1180544520763638,9.421886796331504,0.3328928089189337,0.8823296262343431,0.3844676125622506,0.7599620988584423,0.7692307692307693,5.102406083041003,3.638609809920203,1.534139534610492,0.0412698412698412,regression,GradientBoosting
365,15,15,7,0.0,0.8132836825246534,0.9997474891370086,0.1133572906287474,0.8634429738339294,0.1478409548366296,0.3452466152052744,0.8,11.169535747795084,0.2770337612890624,0.6944458244017714,0.0410958904109589,regression,Ridge
365,3,3,0,0.0,0.2696452563213761,-0.6578298987373952,0.2795701196449454,0.7624830960385205,0.1572787081241118,0.2184597072723507,1.0,993.0718865328078,95.35065668551196,2.1873338171338985,0.0082191780821917,regression,RandomForest
12718,7,7,0,0.0,0.3825803465806877,-0.4094225019687844,0.2402773605706788,0.92241566534389,0.1812328134251088,0.6291013078839607,0.5714285714285714,5.658188513121907e-30,0.0,1.977901581027089,0.0005504010064475,regression,GradientBoosting
287,18,18,1,0.0,0.7159868624853227,5.999132345568916,0.3126075749485264,0.8915217983960378,0.4200436998163915,0.7982575911957658,0.6666666666666666,4.0424487066291945,2.8013754235318307,1.6532890042332518,0.0627177700348432,regression,GradientBoosting
403,9,9,0,0.0,-0.0022414879061736,-1.5183265697818884,0.0278586289325941,0.2466821030754072,0.0500666481617444,0.1365943177331126,1.0,0.3739140072286634,0.1414967355278546,1.2122640107438332,0.0223325062034739,regression,RandomForest
306,7,7,0,0.0,0.1370467313936094,-0.6469961581809162,0.1335614865628296,0.5956470942402619,0.2317132438638161,0.5477553364970069,0.8571428571428571,1.405856890068384e-31,2.465190328815662e-32,2.0398021846002123,0.022875816993464,regression,GradientBoosting
414,6,6,0,0.0,0.2395656446634645,-0.6302232537419216,0.1417641344531584,0.5386746007037763,0.1230002570320438,0.2451461768578631,1.0,15.514965188437897,3.2070020230812384,2.210439558314689,0.0144927536231884,regression,GradientBoosting
1345,3,3,0,0.0,0.0321384595981569,-0.2964160917322303,0.1445637412189543,0.2372760533669157,0.0479921630579376,0.0896324526485633,1.0,5.695651103067513e-33,4.930380657631324e-32,2.015873671341888,0.0022304832713754,regression,ElasticNet
28537,10,10,0,0.0,0.0024032397892543,-1.1960621622861802,0.0083019262306412,0.0426507043473693,0.0065100334744258,0.0128770032440056,1.0,2.223210174868741e-32,4.3825605845611765e-32,2.302387842311154,0.0003504222588218,regression,GradientBoosting
185,18,18,2,4.338842975206612,0.9717018217107616,1.1330627750669937,0.3224133408851718,0.9496406429806876,0.2286690200409478,0.5346463011274852,0.4117647058823529,501857.9074255386,529388.3012664195,1.4395974699443137,0.0972972972972973,regression,ElasticNet
11025,15,15,0,0.0,1.1148652210884622,15.487034088950974,0.1789870486617805,0.9117663513460786,0.1646210813097422,0.3339802706726928,0.8,1.5590169114108287e-31,3.5217004697366597e-33,1.1675320704456251,0.001360544217687,regression,GradientBoosting
700,45,45,0,0.0,-0.0173541985075886,-0.086348821647522,1.7290049218070623e-16,1.0418718983751695e-15,0.031313837403206,0.1105056943182137,0.9555555555555556,5.721912566844967e-34,0.0190575247928952,1.918069509330344,0.0642857142857142,regression,RandomForest
700,45,45,0,0.0,0.0068180482792002,-0.0518775540454531,1.633367552800823e-16,1.3199215564274342e-15,0.0308426325507228,0.1068239962787648,0.9555555555555556,6.101467519289509e-34,0.0232714718517889,1.9051125538976743,0.0642857142857142,regression,RandomForest
334,10,10,0,0.0,0.1195341259822329,-0.9033118777553396,0.1442746578671557,0.9170370361026734,0.1213519376447026,0.3804036531154856,0.7,4.494338350913705e-34,5.4782007307014706e-33,2.225575576481115,0.029940119760479,regression,GradientBoosting
350,5,5,0,0.0,0.0359240377916239,-1.2061212107314958,0.0367416006681061,0.0857994879316265,0.0789183812622033,0.1515592365344951,1.0,1.025197192744368e-33,1.232595164407831e-32,2.287901572505752,0.0142857142857142,regression,SVR
350,45,45,0,0.0,0.018575811532784,-0.0765750811792515,1.6722634941108923e-16,1.2046722491827846e-15,0.0494495377259392,0.1244587658415254,0.9555555555555556,1.1282239555773453e-33,0.0320288316167855,1.96680063849572,0.1285714285714285,regression,LinearRegression
350,10,10,0,0.0,-0.0307992278445111,-1.1872058621503212,0.048676972762536,0.1524255262905746,0.0426563535760212,0.0939697786517804,1.0,1.0668583503012778e-33,1.6434602192104412e-32,2.2893447765010206,0.0285714285714285,regression,GradientBoosting
326,10,10,0,0.0,0.3773117971092443,-0.2640746054639423,0.4190616053975843,0.897129796456444,0.2730155070586041,0.6101014774662485,0.6,5.421090039625682e-31,1.095640146140294e-32,2.0631257493824675,0.0306748466257668,regression,PolynomialRegression
454,3,3,0,0.0,0.1405215268032523,-0.243701790925826,0.0196765029830088,0.0291945130519239,0.0627292783760861,0.1074562096077861,1.0,5.557191263079573e-33,4.930380657631324e-32,2.0359401840785973,0.0066079295154185,regression,PolynomialRegression
4550,4,4,0,0.0,0.1339146002087032,-0.7030587609648918,0.1432852952865841,0.3713333826712933,0.3530711539548037,0.9997300425394586,1.0,6.082919999053338e-33,0.0,2.2241881923445828,0.0008791208791208,regression,SVR
453,3,3,0,0.0,0.0300780302817758,-0.2781969699735573,0.0298531892396568,0.0519891378690459,0.0946206221422926,0.1066248952585644,1.0,9.687340619353677e-34,2.465190328815662e-32,2.049888770898175,0.0066225165562913,regression,LinearRegression
451,3,3,0,0.0,0.1000844915630114,-0.310169317511201,0.0228857663092313,0.0279131562823519,0.0659133536974883,0.1081723088979903,1.0,1.0905929004682794e-32,0.0,2.0454945948947683,0.0066518847006651,regression,PolynomialRegression
451,3,3,0,0.0,0.0432344355024741,-0.3176558598334146,0.0354715144959007,0.0596027585169108,0.0883821205940949,0.1013715892792163,1.0,1.2171177074488753e-31,2.465190328815662e-32,2.0527623758344373,0.0066518847006651,regression,LinearRegression
1345,3,3,0,0.0,0.0321384595981569,-0.2964160917322303,0.1445637412189543,0.2372760533669157,0.0479921630579376,0.0896324526485633,1.0,5.695651103067513e-33,4.930380657631324e-32,2.015873671341888,0.0022304832713754,regression,ElasticNet
63382,17,17,0,0.0,0.0665091612577874,-0.97861252847608,0.402031353828573,0.9205974656164122,0.0017283548100506,0.0048882030803307,0.2352941176470588,1.017666642975553e-33,2.157041537713704e-32,1.9104111575440708,0.0002682149506168,regression,GradientBoosting
251034,25,25,0,0.0,0.0008026802232614,-0.002224974379345,0.0016917451949148,0.0064792348735652,0.1649101392276501,0.3591076650946951,0.96,2.186436141095763e-34,8.217301096052206e-33,1.5445351216453826,9.958810360349594e-05,regression,Ridge
170963,11,11,0,0.0,0.0009621535502935,-0.0234968731009305,0.0022857996155026,0.0066864373641039,0.0009712793406622,0.00255254787559,1.0,2.884315054073165e-34,1.9721522630525296e-32,1.565054806702485,6.434140720506776e-05,regression,ElasticNet
78906,13,13,0,0.0,0.0012939018126334,-0.0232473316068944,0.0025558497885733,0.0086173437003544,0.0822363059664243,0.453908123662562,1.0,2.738658130194861e-34,8.217301096052207e-32,1.590549681357789,0.0001647529972372,regression,RandomForest
45095,17,17,0,0.0,-0.0005111922333894,-0.0331994955928319,0.0036868010652516,0.0135241936026891,0.0631960330577194,0.4484017136509926,1.0,3.0751591114763974e-34,3.697785493223493e-32,1.630513581368475,0.0003769819270429,regression,RandomForest
3367,14,14,0,0.0,0.0002878354433189,-1.192924512195208,0.0134611167576901,0.0387459326840052,0.015259030799732,0.0448968359983657,1.0,5.3477960930697635e-34,4.930380657631324e-32,2.301331876450568,0.0041580041580041,regression,GradientBoosting
84811,22,22,0,0.0,0.0013321361568499,-0.0043605880052486,0.002563485124212,0.0114217393877622,0.1830469462703591,0.3936792112709669,0.9545454545454546,2.3969188073800983e-34,2.1130202818419958e-32,1.5806720199096456,0.0002594003136385,regression,Ridge
55635,27,27,6,0.0,0.7668195754446182,-0.5444198046257791,0.0204543982494834,0.3364949330575948,0.0545654134966423,0.737865392833248,0.8518518518518519,0.0144773057799038,0.0741191704068847,1.0457744132922482,0.0004853060124022,regression,Ridge
9768,15,15,0,0.0,0.0046101108534807,-0.0275786535520201,0.0082063713311228,0.0258903057751745,0.0743301288802417,0.4460078854070754,1.0,2.6244647816797113e-34,8.452081127367983e-32,1.717584516350586,0.0015356265356265,regression,RandomForest
4557,25,25,0,0.0,-0.0078015938428062,0.0225240148426596,0.0115678608418209,0.0427585054425339,0.1815204042580356,0.3105830581361411,0.96,2.3531801551687923e-34,2.0543252740130518e-33,1.7471966559700356,0.0054860653938994,regression,LinearRegression
181853,8,8,0,0.0,-0.0019629895721091,-0.2808170535187991,0.0015340929371373,0.0051911205497678,0.3004588346710916,0.5623825140118938,1.0,2.2479395551429582e-34,2.1130202818419958e-32,2.013242241808781,4.399157561327006e-05,regression,LinearSVR
9555,9,9,0,0.0,-0.0031921605280429,-1.2796484079125314,0.7795646652313414,0.9344488520465556,0.0167569654062879,0.0242410989063495,0.6666666666666666,2.86231233127061e-32,4.930380657631324e-32,1.887324151503925,0.0009419152276295,regression,RandomForest
52458,14,14,0,0.0,-0.0008451384733105,-0.0268965059725218,0.0038482828921566,0.0120300113777302,0.2145315971184249,0.4514881792909311,1.0,1.444647301801078e-34,1.1377801517610748e-32,1.608256031577016,0.0002668801708033,regression,Ridge
58475,30,30,5,0.0,0.5767510053407868,-0.3475332233690922,0.0146932302585719,0.3356392742464283,0.049843117703623,0.7365849736039577,0.8666666666666667,0.016177180695712,0.0831250103451704,1.0843882831879477,0.0005130397605814,regression,LinearRegression
2785,21,21,0,0.0,0.010468345565418,-0.0097674188861243,0.0150792510398211,0.0512234073652314,0.1891597562887506,0.3706372336466548,0.9523809523809524,2.203511948821533e-34,1.7009813268828068e-31,1.77942057703677,0.00754039497307,regression,LinearRegression
254635,25,25,0,0.0,0.000237712473176,-1.1997598003805954,0.0015297775087816,0.0059118723217735,0.0014552151312088,0.0041916602109242,0.96,5.0267605839092196e-34,4.108650548026103e-32,2.302566603089534,9.817974748168948e-05,regression,GradientBoosting
10403,31,31,6,0.0,0.668080165323319,-0.3992521512278347,0.0209398297338051,0.3456184546056727,0.0518515736605328,0.7364561563738723,0.8709677419354839,0.0158498102288712,0.0807551686717166,1.0328289284594747,0.0029799096414495,regression,Ridge
11690,22,22,0,0.0,0.0061237331323409,-0.0268395476863486,0.0075203463630078,0.0262586536947551,0.1846191109056603,0.3336418667263304,0.9545454545454546,1.949789119709424e-34,1.4086801878946639e-32,1.702845912109614,0.0018819503849443,regression,LinearRegression
161057,8,8,0,0.0,-0.0174680910207638,-0.8783282119726126,0.38741016327004,0.8951196182719318,0.4370297510483142,0.7291934407856491,0.5,1.7040445296203375e-32,4.930380657631324e-32,1.8705021824642487,4.9671855305885496e-05,regression,GradientBoosting
285470,18,18,0,0.0,-0.0005679690332594,-0.0232239785267824,0.0015469656061597,0.0053404332323921,0.0586606586535213,0.4529264876070245,1.0,2.9865386108350024e-34,2.0301567413776038e-32,1.5192815401443245,6.305391109398535e-05,regression,RandomForest
38225,15,15,0,0.0,0.0030800580456205,-0.01956316327529,0.0041694238900081,0.0123134846647478,0.0028680696731743,0.0097656016563704,1.0,3.182704772441381e-34,1.4086801878946639e-32,1.6370834303860258,0.0003924133420536,regression,ElasticNet
9479,14,14,0,0.0,0.000153960251173,-1.197357913384646,0.0090846279963864,0.0282783418038161,0.0095393993818029,0.0288714608510401,1.0,5.299467199869535e-34,8.343721112914548e-32,2.302145961260617,0.0014769490452579,regression,GradientBoosting
6587,18,18,0,0.0,0.0612833238180364,-1.0932775034918487,0.3634527990054826,0.888698572539755,0.3939989394975842,0.8506297164311187,0.2777777777777778,7.628973974982034e-34,1.740134349752232e-32,1.9315827199486355,0.0027326552299984,regression,SVR
19697,16,16,0,0.0,0.0030193638319109,-1.2020196286827975,0.0059086926391953,0.0180914242890743,0.0060013004532458,0.0193607093557838,1.0,4.1384589721704136e-34,1.6434602192104412e-32,2.302333230008966,0.0008123064426054,regression,GradientBoosting
13808,27,27,6,0.0,0.7684640357690078,-0.538123419024723,0.0240371923219156,0.3399970120960859,0.058304515139771,0.7385211455274412,0.8518518518518519,0.0144607347543341,0.0741653967495491,1.0461823323296082,0.0019553881807647,regression,LinearRegression
156599,19,19,0,0.0,-0.0001429061696999,-1.2000422333869012,0.0021066990458804,0.008204929819341,0.0026523753096456,0.0060167398061411,1.0,7.368882235876534e-34,7.395570986446986e-32,2.3025608915699656,0.0001213289995466,regression,GradientBoosting
12337,20,20,0,0.0,-0.0019919564592043,-1.2000920762443896,0.0066776599766795,0.0308976649645201,0.0108861646759452,0.0336762788717738,0.95,4.886983029367779e-34,1.5569623129362074e-32,2.302253030472503,0.0016211396611818,regression,GradientBoosting
61838,16,16,0,0.0,0.0016547494500514,-1.199911518999512,0.003404708463083,0.0100745591218646,0.004320361972112,0.012567037978768,1.0,4.707549806543856e-34,3.9443045261050576e-32,2.302524300878422,0.0002587405802257,regression,GradientBoosting
41227,18,18,2,0.0,0.382326364334658,-0.2371473686144904,0.0170103146322872,0.3375740275608806,0.0809578056323695,0.7413652962482871,0.8888888888888888,0.0147459082123639,0.0755967280536883,1.2862780357074817,0.0004366070778858,regression,LinearRegression
262396,23,23,0,0.0,-0.000185085936592,-0.003132130981582,0.0017084553899403,0.0056981746584199,0.0460345453332661,0.451333384514552,0.9565217391304348,3.3247757538197117e-34,1.7032224089999119e-31,1.5391708688237395,8.765377520998795e-05,regression,RandomForest
184179,18,18,0,0.0,-0.0018635903142065,-1.2000500868569974,0.0017948198371389,0.0077671711900744,0.0022860447748037,0.0070323285800591,1.0,5.115009732830825e-34,1.160089566501488e-32,2.302561503387196,9.77310116788559e-05,regression,GradientBoosting
57113,7,7,0,0.0,0.0010687447593463,-1.2417542728284272,0.6067110206252871,0.9490732516941176,0.001768915456419,0.0031708111908189,0.5714285714285714,4.896178100241206e-31,2.465190328815662e-32,1.7142076934534038,0.0001225640397107,regression,GradientBoosting
49706,27,27,0,0.0,0.0005908416800612,-1.2013191227201725,0.0035435624879832,0.0138387996468109,0.0044072481760243,0.0116664153325158,0.9629629629629628,6.672498673104899e-34,1.706670227641612e-32,2.302499621825726,0.0005431939806059,regression,GradientBoosting
78284,13,13,0,0.0,0.000492908696876,-1.2004008119971423,0.0031655530817979,0.0112721409994002,0.0031949915128546,0.0070623356589722,1.0,3.0825169649832844e-34,8.217301096052207e-32,2.3025351200651296,0.0001660620305554,regression,GradientBoosting
28417,14,14,2,0.0,0.4964578200509031,-0.4421985040051096,0.025932838548586,0.333660500286913,0.103917242041866,0.7391233013507708,0.8571428571428571,0.0163973746666406,0.0849026716870795,1.391780043190591,0.0004926628426646,regression,LinearRegression
49324,10,10,0,0.0,-0.0197243104456062,-1.1433965889223672,0.330687451329835,0.7915720118577094,0.3604995970637621,0.8727551658255644,0.5,1.4057243809901978e-32,3.8347405114910297e-32,1.928468685661636,0.0002027410591192,regression,GradientBoosting
257470,10,10,0,0.0,3.712685744041012e-05,-0.2843304607418776,0.0017587544892914,0.0042220676521425,0.2490460504434712,0.5133990915075117,1.0,3.777675071847874e-34,1.6434602192104412e-32,2.012322804060283,3.883947644385754e-05,regression,Ridge
33158,13,13,0,0.0,0.1760249612604243,-1.0144865226461968,0.4795660226722649,0.9435262618360782,0.3600127165303302,0.6485077555034034,0.2307692307692307,3.1450731552297626e-33,9.039031205657428e-32,1.8318609804396817,0.0003920622474214,regression,SVR
4943,20,20,3,0.0,0.5316116526729006,-0.294321269304019,0.0263776181138397,0.343341015772559,0.0793838164320518,0.7334697022967495,0.9,0.0162268152885051,0.0839166878220274,1.2081443448305935,0.0040461258345134,regression,LinearRegression
39444,18,18,4,0.0,0.7677428869800845,-0.5417849516261002,0.0298951314031714,0.3377115559899336,0.0797828978537164,0.7373997055702839,0.8888888888888888,0.0147571182263808,0.0755821119555222,1.046313467967123,0.0004563431700638,regression,LinearRegression
6947,22,22,0,0.0,-0.0058876153906037,0.0143574422167726,0.0103650788895915,0.0415198209582066,0.1827237323466168,0.3984946572941779,0.9545454545454546,1.8786432378610919e-34,6.104280814210211e-32,1.7322644772273337,0.0031668346048654,regression,LinearRegression
16709,12,12,0,0.0,-0.0059421942174774,-1.2048501830588223,0.0060236144526192,0.0233081637334398,0.0080653319154208,0.0121419734177366,1.0,6.7318497369344154e-34,3.5857313873682356e-32,2.302280903545984,0.0007181758333832,regression,GradientBoosting
11472,21,21,0,0.0,-0.0052810282819491,-0.0066746430220363,0.0077120982718742,0.0284671714046857,0.1920457736661842,0.3861334935719815,0.9523809523809524,2.4341452458362713e-34,4.930380657631324e-33,1.7228419166262563,0.0018305439330543,regression,Ridge
68329,14,14,0,0.0,-0.0008807824628157,-0.0104236075217816,0.0030159596302202,0.0095853216358417,0.0758036285374915,0.4530505607557538,1.0,1.8989745991933967e-34,4.171860556457274e-32,1.5767141936556717,0.0002048910418709,regression,RandomForest
16968,6,6,0,0.0,-0.0585508984781791,-1.3922870336409645,0.6128504298352768,0.9452249051993326,0.7358794363924601,0.9475954506203448,0.3333333333333333,5.522131052935261e-32,9.860761315262648e-33,1.692242741822625,0.0003536067892503,regression,SVR
6654,17,17,0,0.0,0.0008462843650889,-1.199915796960832,0.0098354700423922,0.0383627962335831,0.0140411821035684,0.0339258995161912,1.0,6.6355683295964826e-34,4.314083075427408e-32,2.301958108052662,0.0025548542230237,regression,GradientBoosting
35353,16,16,0,0.0,0.008095577761882,-1.114282149732694,0.461319498820468,0.9421161999060672,0.4557132689335811,0.9428301065294536,0.1875,7.781023741605612e-33,4.6016886137892356e-32,1.811062650170459,0.0004525782818996,regression,SVR
102283,19,19,2,0.0,0.3636743262350548,-0.2230078418712263,0.0141414522428033,0.3354228063801908,0.0751950252141709,0.7389642945547464,0.8947368421052632,0.0142476424148064,0.073330004855086,1.2608442491361769,0.0001857591193062,regression,Ridge
51403,13,13,0,0.0,-0.0004692438414372,-0.0208258884412549,0.0033066458449752,0.0130054536325333,0.0820602937916208,0.4482802286788053,1.0,1.9376179386733474e-34,2.8760553836182724e-32,1.6213328890188674,0.0002529035270314,regression,RandomForest
27307,25,25,0,0.0,0.0014268685022011,-1.2006649801011635,0.004801291309628,0.0208059091586068,0.0060071080421105,0.0154045887087866,0.96,4.648262035515994e-34,1.232595164407831e-32,2.3024366898349875,0.0009155161680155,regression,GradientBoosting
145498,24,24,0,0.0,-0.0001580050689342,-1.199781682279963,0.0022661196023384,0.0093138529505726,0.0021997565956198,0.0080723182788654,0.9583333333333334,6.453972403987869e-34,1.2861862585125192e-32,2.302551097797727,0.0001649507209721,regression,GradientBoosting
21978,24,24,5,0.0,0.7174114262696021,-0.5276985256684527,0.023260934509015,0.3395018189687223,0.0624349686511225,0.7358633224705095,0.875,0.0153510358605522,0.0785456064644015,1.1071242866369626,0.001092001092001,regression,Ridge
17910,12,12,0,0.0,0.0007728310893593,-0.0217628632627671,0.0056601180656629,0.0173906676894836,0.0904039246986179,0.4502753018871011,1.0,4.6697684484860365e-34,8.964328468420589e-33,1.6811559984658693,0.0006700167504187,regression,RandomForest
61938,8,8,0,0.0,-0.0027038355731005,-0.9342197755245384,0.5218166028688841,0.9234738989547951,0.6777441891984417,0.9173237721549252,0.75,5.282662154861427e-32,2.1130202818419958e-32,1.7340551844248178,0.000129161419484,regression,GradientBoosting
38381,17,17,2,0.0,0.4081952851324819,-0.2360430765719756,0.0181757007845476,0.3348752085976673,0.0852258062684546,0.7387524295237595,0.8823529411764706,0.0151356405117205,0.078048761883646,1.2665378687158353,0.0004429274901644,regression,Ridge
6400,16,16,0,0.0,0.0127467571850189,-1.200405346560024,0.0101238173728342,0.0296482740520694,0.0141025547565184,0.0403972412493203,1.0,7.474428188019919e-34,6.573840876841765e-33,2.301943103776119,0.0025,regression,GradientBoosting
287778,17,17,0,0.0,0.0010101892801728,-0.0228595882001834,0.0014624765501462,0.0050305684051733,0.0617117392839046,0.4547351698809662,1.0,3.024732181404912e-34,3.389636702121535e-32,1.5287841069384722,5.9073313456900805e-05,regression,RandomForest
173739,29,29,6,0.0,0.7169073359832564,-0.4195494304235734,0.0165655205453511,0.3345735057124218,0.0492837022626329,0.7362478497886363,0.8620689655172413,0.0152104335421818,0.0784300588438767,0.9502346440399866,0.00016691704223,regression,LinearSVR
41311,9,9,0,0.0,0.0522098594640898,-1.3084500268636567,0.6219085509452997,0.9461232226126884,0.0083466002092969,0.0121529406309852,0.3333333333333333,5.136386543922695e-32,0.0,1.7371140145838255,0.0002178596499721,regression,SVR
13373,15,15,0,0.0,0.0056566573193968,-1.2019217352006903,0.0065240588568757,0.0232051608362276,0.0094189029708967,0.024652603824492,1.0,2.4252113179450166e-34,1.76085023486833e-32,2.302194337653033,0.001121663052419,regression,GradientBoosting
2851,9,9,0,0.0,0.0016346035145605,-1.269773347568437,0.7713800420068232,0.9453510125304728,0.0077507528023838,0.0128289920318671,0.5555555555555556,7.212248186215709e-32,1.8488927466117464e-32,1.9259398258934308,0.0031567870922483,regression,RandomForest
23928,10,10,0,0.0,0.0042179565023517,-0.2835837659764407,0.0058569562049885,0.0196517056844837,0.1105940155899511,0.4664264798684048,1.0,4.0243774352284795e-34,4.930380657631324e-32,2.014930941020878,0.0004179204279505,regression,RandomForest
267015,14,14,0,0.0,0.0237049582211008,-1.132550999619807,0.4639390023995997,0.9428914748567624,0.495056787239801,0.890608160774758,0.2142857142857142,9.72904867619936e-33,8.343721112914548e-32,1.83596834359396,5.243151133831433e-05,regression,GradientBoosting
349477,22,22,0,0.0,-0.0010741421514676,-0.0011987940534091,0.0014024398746111,0.0045450300090611,0.0477320427968883,0.4531517685641982,0.9545454545454546,1.9705661013869336e-34,2.1130202818419958e-32,1.5125943099279069,6.295120995086945e-05,regression,RandomForest
319054,11,11,0,0.0,0.0628692142944477,-0.96079242813433,0.4863118281609288,0.948395911531866,0.0013807983545697,0.0026581902438727,0.3636363636363636,2.9767099330474187e-32,7.395570986446986e-32,1.790163200190206,3.447692240185047e-05,regression,GradientBoosting
75930,11,11,0,0.0,0.0007765518820754,-1.1996391859751994,0.0027527986840115,0.0065961057777093,0.0040347700056683,0.0100222615940129,1.0,8.702673685284603e-34,4.930380657631324e-32,2.3025229328906374,0.0001448702752535,regression,GradientBoosting
38519,13,13,0,0.0,0.0011776620591387,-0.0222484155951089,0.0037929318201006,0.0114621977514805,0.0036538873384055,0.0070604862725709,1.0,3.464865035398616e-34,1.0271626370065259e-31,1.653215517555642,0.0003374957813027,regression,ElasticNet
136653,21,21,0,0.0,-0.0011209462744518,0.0022071816815225,0.0020994206432108,0.0072686550686804,0.189063104874976,0.3393090173624377,0.9523809523809524,2.655176867647487e-34,1.2079432611196744e-31,1.5590292765949247,0.0001536739039757,regression,Ridge
2340,9,9,0,0.0,0.0028217818611933,-0.2916920007886873,0.0172500839354059,0.0516730845640727,0.1322955497208706,0.4643884465124633,1.0,2.2503483343473233e-34,4.314083075427408e-32,2.020931222881099,0.0038461538461538,regression,RandomForest
1582,8,8,0,0.0,-0.0035999866077052,-0.2812378413675539,0.0201746316912871,0.063335082172082,0.1409127987181007,0.5034977013184394,1.0,3.912037408009945e-34,1.4086801878946639e-32,2.035405394504662,0.0050568900126422,regression,RandomForest
33006,36,36,0,0.0,-0.0001721593063145,-0.0030905866595611,0.0042688294666249,0.0179949160510267,0.0047572206889277,0.0129737342410471,0.9722222222222222,3.7407711176024963e-34,3.9443045261050576e-32,1.644747558078767,0.0010907107798582,regression,ElasticNet
8951,31,31,0,0.0,-0.0070415361778246,0.0070564750139847,0.0086433690660749,0.0524184670650337,0.006971546043398,0.0225454305758456,0.967741935483871,2.0621919054257543e-34,1.6434602192104412e-32,1.6886829217741184,0.0034633001899229,regression,ElasticNet
9128,16,16,0,0.0,-0.0076894362992707,-0.017811288473251,0.0084998301839897,0.0327857029664714,0.2239764138983961,0.3522445671240725,1.0,1.6835266952535822e-34,5.5877647453155e-32,1.7129577578848538,0.0017528483786152,regression,Ridge
29246,11,11,0,0.0,-0.0024560865974464,-1.202763723600917,0.004922067092879,0.0123671320606231,0.0043237331305349,0.0079274332144391,1.0,5.582737856555468e-34,4.930380657631324e-33,2.3024292567516143,0.0003761198112562,regression,GradientBoosting
55754,14,14,0,0.0,-0.076378049737628,-0.95410039584496,0.3465117831560276,0.7753755482467395,0.0033168249097215,0.0060845044880024,0.3571428571428571,1.5764657317523726e-33,1.1377801517610748e-32,1.869590970727749,0.0002511030598701,regression,GradientBoosting
7827,23,23,0,0.0,-0.0028363744162647,0.0031923548634376,0.0089543516311632,0.0304915066435037,0.0088120395324911,0.0246121056380829,0.9565217391304348,2.475175610524549e-34,1.7928656936841175e-31,1.7251555519574275,0.0029385460585153,regression,Ridge
25770,18,18,0,0.0,-0.1412322807669576,-1.120350033059137,0.3354942436519396,0.8876405916919353,0.0054004284727921,0.0131043438367828,0.2777777777777778,1.330950313884973e-33,5.510425440882068e-32,1.9480080541436409,0.0006984866123399,regression,GradientBoosting
4118,19,19,0,0.0,0.1732149032162256,1.91211190743851,0.3771274828746743,0.927164406152302,0.4213820773116243,0.8368710541858316,0.2631578947368421,5.134857013671947e-33,4.108650548026103e-32,1.8010049591639992,0.0046138902379796,regression,RandomForest
36421,37,37,0,0.0,0.0052882087294429,-0.0047161848811235,0.0041112541782306,0.0154466149595786,0.004911692144614,0.0178388846455052,0.972972972972973,2.839563473717929e-34,2.465190328815662e-31,1.625591570897925,0.001015897421817,regression,ElasticNet
11662,19,19,0,0.0,-0.0083881943826378,-0.0240473904014277,0.0069986476135666,0.0263110125076024,0.0606433919204026,0.4379456751114159,0.9473684210526316,2.6682148937738668e-34,1.780415237477978e-31,1.7116054619355645,0.0016292231178185,regression,RandomForest
37444,19,19,0,0.0,-0.0011684316392409,-0.0226033209843599,0.0041701252013964,0.0155202861001685,0.1846634835029725,0.4208328835453451,1.0,1.739786758086286e-34,4.65647062109625e-32,1.6433625770031328,0.0005074244204678,regression,Ridge
14140,9,9,0,0.0,0.0020068293588571,-0.2856021711520732,0.0063586685877481,0.020817139558093,0.2964975257769734,0.6293006999760602,1.0,2.8638427033303478e-34,6.162975822039155e-33,2.0148950352416444,0.0006364922206506,regression,Ridge
10832,18,18,3,0.0,0.5784268434577651,-0.4761912425507344,0.0268375467753595,0.3362478604695061,0.0823711754951853,0.7344511156245297,0.8888888888888888,0.0165692952748077,0.0850831991292703,1.2883669461003633,0.0016617429837518,regression,LinearRegression
254466,15,15,0,0.0,3.3234491994819506e-05,-1.1991868716989116,0.0017698335079942,0.0076019361514495,0.0022408385153627,0.0056640502895818,1.0,5.6658728412926385e-34,4.578210610657658e-32,2.3025636675009773,5.894697130461437e-05,regression,GradientBoosting
10172,11,11,0,0.0,-0.0037029231243239,-1.1968465173967309,0.0068768519985091,0.0216833826168286,0.0105857095520356,0.0259622226115649,1.0,7.3243558984534e-34,6.409494854920721e-32,2.3020598787283686,0.0010813999213527,regression,GradientBoosting
64579,18,18,0,0.0,-0.0001628702097486,-0.0258607926440192,0.0033216812849443,0.0102481764668972,0.1958705960981069,0.5056960591622156,1.0,1.8526195754838235e-34,6.960537399008928e-32,1.6002756156522868,0.0002787283791944,regression,Ridge
11941,25,25,0,0.0,0.0142380564341205,0.0149026847316723,0.0078070683144055,0.0265181697547102,0.0076959964117454,0.0183994797858957,0.96,1.7398451412594316e-34,3.903218020624798e-32,1.6829092524411664,0.0020936269994137,regression,Ridge
1083,16,16,0,0.0,-0.0308209161827643,-0.0590049745225305,0.0245058777370952,0.1070701651127769,0.0867378224205497,0.4667484841784828,0.9375,2.2642383357901193e-34,4.930380657631324e-32,1.8741369453775325,0.0147737765466297,regression,GradientBoosting
32445,8,8,0,0.0,-0.0019118385313956,-0.2850516435369197,0.0034219147749036,0.0094413089815608,0.2880545325553867,0.6650360461981998,1.0,6.796127342176889e-34,7.043400939473319e-33,2.0137378522160354,0.0002465711203575,regression,Ridge
13086,9,9,0,0.0,0.0024044441328311,-0.2722898887090491,0.008728129463475,0.0192316330587557,0.3155379235170834,0.4948429420795255,1.0,3.508210610838262e-34,4.314083075427408e-32,2.0168922289945663,0.0006877579092159,regression,Ridge
40264,16,16,0,0.0,0.0001733579526763,-0.0206730372126772,0.004066052792945,0.0130584102702802,0.2353700271400214,0.3742969662452553,1.0,2.3813933725788473e-34,4.930380657631324e-32,1.6244786725812648,0.0003973773097556,regression,LinearRegression
53466,19,19,2,0.0,0.3642594786568957,-0.2209082260510801,0.0149942511894776,0.3342960186967992,0.0765853561806863,0.7378181809574318,0.8947368421052632,0.0142025020773918,0.073390169240012,1.2810912105010526,0.0003553660270078,regression,LinearRegression
36582,10,10,0,0.0,0.0025707777726079,-1.199840524156318,0.0041741933326787,0.0121617855686601,0.008310837146015,0.0150952995282081,1.0,6.5703695032025266e-34,5.4782007307014706e-33,2.3024749502535635,0.0002733584823137,regression,GradientBoosting
168381,17,17,0,0.0,0.0010549637952203,-0.026801495748747,0.0017683196451503,0.0064690354544811,0.198074798196305,0.4188165824848582,1.0,1.4376121029209771e-34,0.0,1.5627161700366936,0.000100961509909,regression,Ridge
113699,25,25,0,0.0,0.0013525706943032,-0.0026756712674659,0.002298515704566,0.0084423843141257,0.1770082269268381,0.3043948636000922,0.96,1.942785078652489e-34,1.232595164407831e-32,1.5835606365711794,0.0002198788028038,regression,Ridge
13058,12,12,0,0.0,-0.0119269066784971,-0.0224374229306914,0.0066933984530554,0.022990508720584,0.0913417469507046,0.4584722962192848,1.0,2.8879034934555358e-34,9.41254489184162e-32,1.685847966796267,0.0009189768724153,regression,RandomForest
33397,14,14,0,0.0,-0.0596227326311412,-1.195467582372352,0.5221312349311916,0.936478453403762,0.0082133522224133,0.0123446689907722,0.2142857142857142,1.2889928612168079e-32,8.722981163501573e-32,1.8229121657600569,0.000419199329281,regression,SVR
36764,23,23,0,0.0,-0.0020532595902774,-0.0095531952166184,0.0042889453743884,0.0182481259919728,0.0035541707397962,0.0100162342892546,0.9565217391304348,2.5460832302084824e-34,2.5548336134998677e-31,1.6384314735657597,0.0006256120117506,regression,ElasticNet
842,21,21,0,0.0,0.0099586276881098,0.0106780892989352,0.0264308192995438,0.1376178346893532,0.0787095206324928,0.4483801887421076,0.9523809523809524,2.3130484548317123e-34,3.4512664603419264e-32,1.8865383813293672,0.0249406175771971,regression,RandomForest
6532,27,27,0,0.0,-0.0058985417001806,-1.201146063088434,0.0101283795380367,0.0338087811192936,0.0103986976063895,0.0230379074983347,0.9629629629629628,5.370911542012701e-34,4.171860556457274e-32,2.3019177620938995,0.0041334966319657,regression,GradientBoosting
41133,24,24,6,0.0,0.8649395781050503,-0.5701419850652183,0.0251525082987793,0.3350318295130477,0.0611937120249391,0.7366578947615209,0.875,0.0122189376461712,0.0629131286840401,0.924383301249838,0.0005834731237692,regression,LinearRegression
3050,11,11,0,0.0,0.2628883730657485,-1.0691856173819,0.4035394311892084,0.8616969577796505,0.0064974529162776,0.0165787378254821,0.3636363636363636,2.183282362802373e-33,8.38164711797325e-32,1.9498048619427493,0.0036065573770491,regression,SVR
1522,15,15,0,0.0,0.084798956856858,-1.1580311720775125,0.4804350181780628,0.9437924131569178,0.5410750251729813,0.9741316400668272,0.2,2.699633912397738e-32,7.043400939473319e-33,1.8272219189641088,0.0098554533508541,regression,RandomForest
2983,14,14,0,0.0,0.0220991333978412,-1.057692230346379,0.4315381556133789,0.9361272785325284,0.5455292985705876,0.7915885453786404,0.2857142857142857,1.1441097578204546e-32,6.44742085997942e-32,1.8339073930346408,0.0046932618169627,regression,GradientBoosting
3344,22,22,0,0.0,-0.0123452470354292,-0.0193263144764169,0.0132593520656393,0.0535543308606252,0.1976358117601458,0.3459636125456565,0.9545454545454546,3.5536324347141624e-34,2.653014353868284e-31,1.7784129769738823,0.006578947368421,regression,LinearRegression
10970,14,14,0,0.0,-0.0021421316604079,-1.2003190499079304,0.0078962587730341,0.0217803464935066,0.0112398944346005,0.0272127308635982,1.0,5.784111662083282e-34,6.068160809392399e-32,2.302220566961025,0.0012762078395624,regression,GradientBoosting
4605,23,23,0,0.0,-0.010308874666046,-0.0081758931522695,0.0115421383142077,0.0537501717216984,0.0544851429873018,0.4562457357787277,0.9565217391304348,3.454757229100694e-34,2.0169739053946326e-32,1.7672751533405535,0.0049945711183496,regression,RandomForest
29418,34,34,0,0.0,0.0011870353948391,-0.0070974598949579,0.0048109765239393,0.0208619514298904,0.00390583311502,0.0149574140769085,0.9705882352941176,2.017153901817401e-34,4.332758759736618e-32,1.6253450297582326,0.0011557549799442,regression,ElasticNet