n_instances,n_features,n_num_features,n_cat_features,missing_values_pct,class_entropy,n_classes,mean_skewness,mean_kurtosis,avg_correlation,max_correlation,mean_corr_with_target,max_corr_with_target,mean_mutual_info,max_mutual_info,pca_fraction_95,feature_to_instance_ratio,task_type,best_model
319480,34,34,5,0.0,1.0,2,1.26119583745608,5.550755181392171,0.064946197193358,0.857542440215974,0.1226314303570487,0.9993267982266116,0.1031224532501507,0.7445954715352219,0.7058823529411765,0.000106422937273,classification,KNN
147568,24,24,6,10.259745694319072,1.0,2,0.6115937907107499,10.291850332273173,0.1168906451561348,0.9071565760447032,0.0,0.0,0.2007521400853536,0.3550794182579406,0.8095238095238095,0.0001626368860457,classification,GradientBoosting
119204,5,5,2,0.0001111111111111,1.5053254910196596,8,0.2931287533204939,-0.053850812332189,0.3138895289866915,0.6797395357439835,0.0079895656225645,0.0122903018177525,0.0017727476255679,0.0079587943620267,0.8,4.194490117781282e-05,classification,LinearSVC
284,10,10,0,0.0,2.0,4,0.3452695060006718,-1.2810925714122257,0.2473445041987871,0.4905405236794475,0.3821765695499192,0.5128044647955603,0.1401011465772503,0.1961937348649924,0.9,0.0352112676056338,classification,LogisticRegression
270,4,4,0,0.0,2.321928094887362,5,-0.0542661993013233,-1.2125182465673756,0.0834469810107736,0.1189816972530345,0.2909465326434822,0.5049581085236333,0.1412007730630416,0.1789766115931561,1.0,0.0148148148148148,classification,LogisticRegression
187,4,4,0,0.0,2.980528486726877,9,0.0311449951405956,-1.0682751234338048,0.0676370632062564,0.1727738143249959,0.0796986015769183,0.1675188342849646,0.0,0.0,1.0,0.0213903743315508,classification,LogisticRegression
36,8,8,0,0.0,1.0,2,0.3906557638719582,0.283388867511376,0.0746805875019747,0.217523774004887,0.1389858832973497,0.4555725102926447,0.0486485036387741,0.1688050517022592,1.0,0.2222222222222222,classification,GradientBoosting
38,8,8,0,0.0,1.0,2,0.081148226004556,-0.008358377599203,0.0550717683627253,0.1604706516440898,0.1800652939914196,0.6330027964864644,0.0791820105983368,0.2816750247696002,1.0,0.2105263157894736,classification,GradientBoosting
4492,4,4,0,0.0,1.0,2,0.2915264916002869,-0.2480829396992849,0.3309700035994378,0.7218391594345038,0.5331250719901152,0.7436484207146611,0.3090184745908932,0.5035735804556047,1.0,0.0008904719501335,classification,SVC
824,24,24,0,0.0,1.0,2,1.7118963419132485,15.991182549777813,0.0772685953557049,0.7499390616862203,0.1289607688483935,0.4292111775869415,0.0771972543902182,0.2150438557466862,0.8333333333333334,0.029126213592233,classification,RandomForest
824,24,24,0,0.0,1.0,2,1.7118963419132485,15.991182549777813,0.0772685953557049,0.7499390616862203,0.1289607688483935,0.4292111775869415,0.0782763806199125,0.2275790328754412,0.8333333333333334,0.029126213592233,classification,LogisticRegression
121656,22,22,0,0.0,1.0,2,1.0993628895665422,4.579775068819367,0.093760292732175,0.3275077984835491,0.0810126407372761,0.6612649214878201,0.0545637097205328,0.4509734037977388,0.8636363636363636,0.0001808377720786,classification,GradientBoosting
1083,17,17,0,0.0,1.584962500721156,3,0.0972872742689803,-0.3779201687572339,0.0639544560668557,0.4717731230749459,0.163961076082636,0.4596935534805695,0.1233868537352202,0.2863863067113203,0.9411764705882352,0.015697137580794,classification,GradientBoosting
32823,72,72,0,0.0,1.584962500721156,3,2.056494256211891,109.8257363634362,0.0174300528155597,0.2199839430579516,0.0388380987078556,0.4715961547447222,0.0300413252777648,0.2561446922637687,0.9305555555555556,0.0021935837674801,classification,GradientBoosting
25492,32,32,8,0.8824372466319971,1.0,2,11.184311345474365,1101.4224589570606,0.065894270236576,0.9366892556468174,0.0,0.0,0.0343447073203028,0.2783931167527622,0.7586206896551724,0.0012552957790679,classification,GradientBoosting
29810,25,25,0,0.0,3.4594316186372978,11,21.845916633487946,1525.8828001914826,0.0618514652470384,0.8427604930558936,0.0854912112464711,0.3391047007067297,0.1215405889537546,0.6899276814288227,0.8,0.0008386447500838,classification,GradientBoosting
184,87,87,0,0.0,1.0,2,1.1402689725450892,13.660708551304207,0.0124491553772272,0.3666574903405639,0.0636259773630354,0.2135052727995484,0.0192429328981959,0.1002909527171092,0.942528735632184,0.4728260869565217,classification,SVC
7170,26,26,0,0.0,1.0,2,0.1189941423529343,0.963760530542556,0.0278148300640505,0.109624090067097,0.0514418696859488,0.2782854938045015,0.0265468150776469,0.0848426420552734,0.9615384615384616,0.003626220362622,classification,RandomForest
3004,47,47,72,0.0,1.0,2,0.6278460992781334,5.998945825385428,0.2865730284293883,0.9250502746728744,0.3144620611729107,0.6006373355012317,0.418375725095164,0.5316903760610874,0.4468085106382978,0.0156458055925432,classification,RandomForest
80428,31,31,12,7.527221043693817,2.0,4,1.101878501969979,23.210419816554168,0.0224151583534632,0.1617839288933217,0.0638852072868961,0.4811264337259592,0.0452555506482819,0.167906253164265,0.935483870967742,0.0003854379071964,classification,RandomForest
148254,16,16,4,3.656640133598113,1.584962500721156,3,0.6235019718665397,12.678520911825965,0.0171915941889688,0.0990740650403843,0.0968517477595123,0.3278881629991207,0.0432762989894431,0.1282773457577166,1.0,0.0001079228890957,classification,RandomForest
167548,23,23,3,0.0056688061617458,1.0,2,1.5241717064728246,79.7831942314352,0.2126450256970576,0.9621833641193236,0.2486993665205646,0.4777636149855405,0.3664957288333443,0.5846633978147993,0.6,0.0001372740945878,classification,RandomForest
115654,43,43,18,7.1209637796513565,1.0,2,7.144174380475942,1355.3541418728537,0.0503285797083475,1.0000000000000002,0.0994612142770932,0.6586831932082237,0.0445239527200901,0.4538796957806783,0.813953488372093,0.0003717986407733,classification,LogisticRegression
183230,1,1,1,0.0,1.0,2,0.0,-2.0000218308437074,0.0,0.0,1.0,1.0,0.7161365018211855,0.7161365018211855,0.0,5.457621568520439e-06,classification,LogisticRegression
128150,18,18,1,0.5892774772508073,1.0,2,1.892568328625919,114.30058910174756,0.0575255710985587,0.9145537106821978,0.1347052727281449,0.9748918804354926,0.2166427065059264,0.6806522811788018,0.8333333333333334,0.0001404603979711,classification,RandomForest
331748,30,30,0,0.0,1.0,2,0.0497750250020319,3.651339175700406,0.124231862617867,0.7940944852739303,0.1951014554188927,0.514595694393071,0.1173308018782599,0.4860953851933498,0.7,9.043008548657416e-05,classification,RandomForest
32532,49,49,0,0.0,1.0,2,0.2241349083151356,9.453808143136875,0.040213458688258,0.917002308553314,0.0716521777690592,0.3496437568472743,0.0124429306862808,0.0731478798665747,0.7755102040816326,0.0015062092708717,classification,GradientBoosting
32532,49,49,0,0.0,1.0,2,0.2241349083151356,9.453808143136875,0.040213458688258,0.917002308553314,0.0716521777690592,0.3496437568472743,0.012558386605168,0.0733703295397516,0.7755102040816326,0.0015062092708717,classification,GradientBoosting
32532,49,49,0,0.0,1.0,2,0.2241349083151356,9.453808143136875,0.040213458688258,0.917002308553314,0.0716521777690592,0.3496437568472743,0.0125116018377596,0.0732609250831031,0.7755102040816326,0.0015062092708717,classification,GradientBoosting
22476,7,7,0,0.0,1.0,2,0.1520442530987507,-0.21108404485433,0.2576067014123214,0.6436837441965083,0.1774222906930476,0.4306650701504769,0.072218586652576,0.1881659319174971,0.8571428571428571,0.0003114433173162,classification,RandomForest
235278,18,18,1,0.0,1.584962500721156,3,15.070411169882952,4012.703137077881,0.1388320195255754,0.7351617065577719,0.2044321654798696,0.6614260887702914,0.1966192445531844,0.9535949224513004,0.9090909090909092,7.650524060898171e-05,classification,RandomForest
66468,28,28,0,0.0003165169072781,1.0,2,0.8051546381152032,2.0742451280664924,0.0579484455261399,0.8157063245727366,0.028938872605366,0.1257193516604487,0.0084899128695457,0.0440048355838844,0.8571428571428571,0.0004212553409159,classification,GradientBoosting
22122,3,3,4,0.0,1.0,2,-0.8419868035012392,0.6276401504451554,0.0267919891015779,0.0376690253848906,0.266128052719078,0.4833829982992833,0.3708446515619486,0.4118827472132356,1.0,0.0001356116083536,classification,KNN
13878,16,16,6,6.336237251884504,1.584962500721156,3,3.5529240205992765,221.9661279769736,0.0506430919681089,0.6697620852428736,0.1047687944267622,0.4056003826837224,0.0451016997834924,0.1952846108108099,0.875,0.0011529038766392,classification,GradientBoosting
25422,23,23,0,0.0,1.0,2,3.4848199870739505,47.95763108932877,0.1912735245094618,0.9293962313615856,0.077352299535257,0.2093304975198515,0.0664580375347192,0.3453945339126643,0.6956521739130435,0.0009047281881834,classification,GradientBoosting
2187,18,18,5,3.0658909484508188,1.584962500721156,3,1.6704078115396064,15.77193441804323,0.1390534913588805,0.4999829250307129,0.2275074276013645,0.7575755700602422,0.2545062143823975,0.7771648306537211,0.8888888888888888,0.0082304526748971,classification,GradientBoosting
492,15,15,5,0.0,1.0,2,0.635553505,0.937146282,0.163781531,0.906903357,0.3014467,0.631591218,0.075697228,0.225168877,0.857142857,0.030487805,classification,KNN
37192,22,22,9,0.0,1.0,2,1.220166836,3.284322401,0.078131602,0.816444947,0.0,0.0,0.123659514,0.513811266,0.882352941,0.000591525,classification,RandomForest
968,11,11,3,3.711538462,1.0,2,0.028688259,-0.003230533,0.472843921,0.855418057,0.618029126,1.0,0.429665625,0.693663976,0.727272727,0.011363636,classification,LogisticRegression
6672,35,35,0,0.0,2.584962501,6,-0.020045156,-0.540215489,0.4974358,0.956453506,0.392558132,0.682869795,0.742224796,0.917841466,0.2,0.005245803,classification,RandomForest
2094,7,7,0,0.0,1.0,2,0.042925716,-1.386015236,0.23749716,0.3782631,0.0,0.0,0.167171002,0.217959581,1.0,0.003342884,classification,LogisticRegression
1050,30,30,0,0.0,1.0,2,4.447229698,82.6321728,0.030707523,0.225150651,0.088473226,0.417114888,0.060511165,0.175988949,0.933333333,0.028571429,classification,SVC
906,10,10,4,8.099513655,1.584962501,3,-0.003374092,1.703816523,0.152635651,0.748663122,0.0,0.0,0.237332938,1.099716854,0.888888889,0.011037528,classification,LogisticRegression
582,11,11,4,8.099513655,1.0,2,0.512072158,0.354576565,0.195580675,0.700075294,0.28750669,1.0,0.120471411,0.694007025,0.9,0.018900344,classification,KNN
5904,14,14,3,0.0,4.0,16,1.332865407,1.805037044,0.227115835,0.881917104,0.0,0.0,0.840417117,2.458478495,0.571428571,0.002371274,classification,LogisticRegression
147568,24,24,6,10.25974569,1.0,2,0.611593791,10.29185033,0.116890645,0.907156576,0.0,0.0,0.201009191,0.355481784,0.80952381,0.000162637,classification,GradientBoosting
331748,30,30,0,0.0,1.0,2,0.049775025,3.651339176,0.124231863,0.794094485,0.195101455,0.514595694,0.117333019,0.486146895,0.7,9.04e-05,classification,RandomForest
606,8,8,0,0.0,1.0,2,0.504742673,-0.290110805,0.192881025,0.54223208,0.0,0.0,0.100892544,0.170939063,0.875,0.01320132,classification,GradientBoosting
31580,32,32,8,0.882437247,1.0,2,9.338921814,621.2545848,0.065659176,0.948476545,0.0,0.0,0.043032751,0.351956201,0.766666667,0.0010133,classification,GradientBoosting
4096,2,2,0,0.0,1.0,2,0.136386774,-0.817107698,0.215251211,0.215251211,0.068552794,0.07143054,0.089387597,0.132983892,1.0,0.000488281,classification,SVC
5902,32,32,22,1.327253655,1.0,2,0.016273654,0.605398291,0.003527901,0.018726162,0.0,0.0,0.108071672,0.428946727,0.96875,0.005421891,classification,KNN
4390,7,7,0,0.0,3.321928095,10,0.640535681,-0.244025277,0.254090991,0.653243416,0.199530544,0.364424587,0.354874849,1.069471177,0.857142857,0.001594533,classification,GradientBoosting
770,47,47,13,0.0,1.0,2,1.851625993,11.15724949,0.068789947,0.709600383,0.0,0.0,0.02260748,0.216098822,0.804347826,0.061038961,classification,RandomForest
969,8,8,0,0.0,1.584962501,3,-0.200065973,-0.453566088,0.188116664,0.590060207,0.072985948,0.157641673,0.044627789,0.13378453,1.0,0.008255934,classification,SVC
4964,1,1,0,0.0,1.0,2,0.371607755,-0.102400028,0.0,0.0,0.051070727,0.051070727,0.238229034,0.238229034,0.0,0.00020145,classification,SVC
3450,27,27,0,0.0,3.321928095,10,0.06308307,0.043593478,0.019239071,0.116660891,0.101969353,0.426501908,0.220126169,0.881304619,0.962962963,0.007826087,classification,SVC
6504,36,36,0,0.0,2.584962501,6,-0.027119273,-0.541442009,0.493980249,0.958676809,0.380846631,0.676728128,0.742824591,0.943777307,0.194444444,0.005535055,classification,GradientBoosting
2108,46,46,0,0.0,1.0,2,4.715966924,54.65444539,0.062349264,0.924719855,0.148601096,0.49419197,0.033706951,0.27372174,0.794871795,0.021821632,classification,LogisticRegression
833856,19,19,3,0.0,1.0,2,1.608294163,3.583448368,0.037001809,0.738094449,0.0,0.0,0.064177521,0.616697481,0.833333333,2.28e-05,classification,GradientBoosting
21618,7,7,0,0.0,1.0,2,0.427494841,0.072407569,0.100302246,0.459474523,0.082785964,0.159157812,0.196603598,0.379489222,1.0,0.000323804,classification,RandomForest
2108,46,46,0,0.0,1.0,2,4.715966924,54.65444539,0.062349264,0.924719855,0.148601096,0.49419197,0.030585244,0.256453975,0.794871795,0.021821632,classification,LogisticRegression
833856,19,19,3,0.0,1.0,2,1.608294163,3.583448368,0.037001809,0.738094449,0.0,0.0,0.064304061,0.616749492,0.833333333,2.28e-05,classification,GradientBoosting
21618,7,7,0,0.0,1.0,2,0.427494841,0.072407569,0.100302246,0.459474523,0.082785964,0.159157812,0.195729042,0.378573005,1.0,0.000323804,classification,RandomForest
4096,2,2,0,0.0,1.0,2,0.136386774,-0.817107698,0.215251211,0.215251211,0.068552794,0.07143054,0.086518997,0.126952928,1.0,0.000488281,classification,SVC
1010,3,3,0,0.0,1.0,2,-0.151714425,-0.308905611,0.589328903,0.734431955,0.152461618,0.407174786,0.114091748,0.229801748,1.0,0.002970297,classification,RandomForest
5562,14,14,0,0.0,1.0,2,0.64117152,0.925140582,0.036447786,0.269462211,0.117893571,0.330450405,0.196863022,0.426761596,0.928571429,0.00251708,classification,GradientBoosting
42480,193,193,0,0.0,3.321928095,10,-0.001012785,1.07165429,0.000258218,0.001848762,0.011808162,0.108230426,0.01513159,0.117958071,0.953367876,0.004543315,classification,SVC
239084,8,8,0,0.0,1.0,2,0.028869021,-0.300641252,0.207819758,0.797830668,0.106207788,0.563470144,0.108524106,0.318841744,0.75,3.35e-05,classification,GradientBoosting
10140,14,14,0,0.0,1.0,2,0.12822812,0.369234633,0.372537312,0.866902966,0.094417891,0.216549524,0.074349731,0.093474273,0.714285714,0.001380671,classification,KNN
816,169,169,0,0.0,3.794982488,21,-0.005826585,0.205134089,7.39e-17,2.07e-15,0.038729913,0.516508182,0.039808501,0.964780513,0.952662722,0.207107843,classification,LogisticRegression
1124,15,15,0,0.0,1.0,2,2.814610742,31.43946519,0.487074294,0.94903745,0.157451403,0.236487136,0.122832501,0.241262474,0.533333333,0.013345196,classification,GradientBoosting
16880,5,5,0,0.0,1.0,2,0.374057726,-0.35920709,0.228857517,0.848667697,0.0,0.0,0.056911318,0.128433835,0.8,0.000296209,classification,GradientBoosting
2134,27,27,0,0.0,1.0,2,1.807363458,7.907404719,0.36102149,0.939591968,0.152089855,0.492574477,0.266933135,0.557476325,0.518518519,0.012652296,classification,GradientBoosting
1450,25,25,0,0.0,3.321928095,10,0.046928757,0.121888821,0.039639873,0.203548251,0.137908599,0.322676631,0.276727675,0.902141914,0.96,0.017241379,classification,LogisticRegression
478,14,14,2,19.48051948,7.694195176,241,0.828441813,11.21743683,0.2311506,0.823092048,0.419032723,0.906174952,1.059257312,4.034940688,0.727272727,0.029288703,classification,KNN
402,6,6,0,0.0,1.0,2,0.045993129,-1.630223058,0.054446811,0.140940025,0.052039485,0.097499369,0.015584303,0.039379369,1.0,0.014925373,classification,GradientBoosting
12286,4,4,0,0.0,1.0,2,0.949768712,0.145595497,0.220744365,0.699081316,0.305990787,0.509898528,0.218195738,0.511257132,1.0,0.000325574,classification,RandomForest
1072,15,15,0,0.0,1.0,2,1.61178186,4.543639121,0.474601691,0.924491019,0.160712863,0.375016987,0.265254866,0.483870103,0.533333333,0.013992537,classification,GradientBoosting
1476,25,25,0,0.0,1.0,2,1.272919448,5.399397931,0.367402888,0.9189564,0.225072846,0.406895646,0.245211841,0.463986038,0.48,0.016937669,classification,GradientBoosting
8220,16,16,0,0.0,3.321928095,10,-0.019938974,-0.616859745,0.271427031,0.859379584,0.128025029,0.359862591,0.515146666,0.838685899,0.625,0.001946472,classification,SVC
2984,28,28,0,0.0,1.0,2,-5.211337256,152.7038123,0.050300609,0.537769278,0.150316256,0.675342027,0.035848638,0.306710275,0.892857143,0.009383378,classification,GradientBoosting
1066,25,25,0,0.0,1.0,2,1.16463999,2.313733179,0.321516612,0.93783004,0.0,0.0,0.25789917,0.429252036,0.48,0.023452158,classification,GradientBoosting
717836,10,10,0,0.0,1.0,2,4.25e-05,-1.287364659,0.009285977,0.022588695,0.000866046,0.002762123,0.012696526,0.019111688,1.0,1.39e-05,classification,RandomForest
440,85,85,0,0.0,1.0,2,0.050158729,1.081788129,0.021307115,0.113942694,0.075325307,0.295157457,0.021330093,0.135551125,0.941176471,0.193181818,classification,SVC
1975940,16,16,2,0.0,1.0,2,1.719101155,5.629252703,0.083102831,0.568801206,0.0,0.0,0.110863368,0.450868015,0.8125,8.1e-06,classification,GradientBoosting
3918,25,25,22,5.358784023,1.0,2,2.721579451,45.41224594,0.110737224,0.997435519,0.0,0.0,0.1510731,0.646401669,0.76,0.006380807,classification,RandomForest
1232,5,5,4,0.0,1.0,2,0.01299932,-1.240473608,0.191198577,0.490853226,0.0,0.0,0.281282233,0.424888758,1.0,0.004058442,classification,GradientBoosting
1050,30,30,0,0.0,1.0,2,4.447229698,82.6321728,0.030707523,0.225150651,0.088473226,0.417114888,0.060522805,0.175988949,0.933333333,0.028571429,classification,LogisticRegression
6066,67,67,59,1.812302587,1.0,2,0.03643834,0.409508372,0.016747423,0.091675466,0.063675166,0.387070007,0.015246,0.099818523,0.940298507,0.01104517,classification,RandomForest
1222,28,28,0,0.0,1.0,2,1.470965013,6.847969032,0.202706545,0.902044377,0.129658334,0.552770798,0.052942209,0.209711073,0.607142857,0.022913257,classification,RandomForest
3358,20,20,0,0.0,1.0,2,0.147648598,0.56550764,0.051091866,0.815766071,0.0744706,0.721862441,0.034581139,0.461066963,0.85,0.005955926,classification,GradientBoosting
6264,30,30,16,0.0,1.0,2,0.769888943,-0.283244702,0.238766392,1.0,0.0,0.0,0.060815142,0.670209545,0.586206897,0.004789272,classification,KNN
660,13,13,0,0.0,2.0,4,0.375452364,-0.073356242,0.355402229,0.937838908,0.0,0.0,0.170734888,0.394881112,0.538461538,0.01969697,classification,GradientBoosting
781,12,12,2,0.0,3.459431619,11,0.066717737,-0.563923788,0.209124246,0.560772643,0.0,0.0,0.329373568,0.899194292,0.833333333,0.015364917,classification,GradientBoosting
2358,8,8,0,0.0,3.169925001,9,0.336301709,0.264547761,0.166289464,0.745774789,0.0,0.0,0.426604399,0.770915435,0.833333333,0.003392706,classification,GradientBoosting
10285,1,1,0,0.0,2.321928095,5,0.115722998,-1.268104883,0.0,0.0,0.0,0.0,0.604972519,0.604972519,0.0,9.72e-05,classification,GradientBoosting
1374,215,215,0,0.0,1.0,2,-0.000682579,0.001630839,0.001670365,0.01260376,0.024768455,0.156455091,0.0058033,0.052696247,0.953488372,0.156477438,classification,SVC
39488,21,21,0,9.996289826,1.0,2,-0.054569915,9.09722976,0.079741336,0.81165586,0.054443089,0.154293338,0.266779567,0.500955906,0.80952381,0.000531807,classification,GradientBoosting
4570,3,3,0,0.0,4.471505296,29,-0.030862563,-1.281904901,0.088223057,0.241123657,0.023645437,0.058993456,0.005681999,0.017045998,1.0,0.000656455,classification,LogisticRegression
2062656,16,16,2,0.0,1.0,2,1.72894731,5.704079582,0.083592233,0.569253887,0.0,0.0,0.111590623,0.450330987,0.8125,7.76e-06,classification,GradientBoosting
754,12,12,7,21.035687,1.0,2,0.684302716,0.430554836,0.200893312,0.791822483,0.369294192,0.960094641,0.155049992,0.647376892,0.9,0.015915119,classification,RandomForest
319480,34,34,5,0.0,1.0,2,1.261195837,5.550755181,0.064946197,0.85754244,0.12263143,0.999326798,0.103122453,0.744595472,0.705882353,0.000106423,classification,KNN
2326,37,37,36,0.0,1.0,2,2.685231151,19.77389965,0.090270295,0.774506483,0.0,0.0,0.01414111,0.139136086,0.805555556,0.015907137,classification,DecisionTree
11694,15,15,0,0.0,4.680451121,26,0.27633421,0.403500152,0.174875229,0.817865347,0.0,0.0,0.346893476,0.562000717,0.8,0.001282709,classification,RandomForest
624,4,4,0,0.0,1.584962501,3,-0.002032619,-1.242136096,0.070032155,0.180303902,0.0,0.0,0.258438688,0.302378673,1.0,0.006410256,classification,LogisticRegression
31168,8,8,0,0.0,1.0,2,0.109121689,-0.402127475,0.216995894,0.657179054,0.0,0.0,0.091127651,0.20998424,0.875,0.000256674,classification,RandomForest
665,23,23,5,3.043478261,2.321928095,5,2.312506575,33.09233687,0.135770208,0.634638391,0.0,0.0,0.213031421,0.809724165,0.739130435,0.034586466,classification,RandomForest
1510,5,5,0,0.0,3.321928095,10,0.476829641,-0.715266148,0.522076048,0.938415738,0.255663864,0.504207245,0.818174396,1.024012183,0.6,0.003311258,classification,SVC
969,8,8,0,0.0,1.584962501,3,-0.200065973,-0.453566088,0.188116664,0.590060207,0.072985948,0.157641673,0.035900918,0.104048078,1.0,0.008255934,classification,SVC
380496,13,13,0,0.0,1.0,2,0.099612412,0.066090594,0.000538294,0.002400802,0.061128621,0.292076076,0.012676868,0.055388049,1.0,3.42e-05,classification,RandomForest
470,25,25,9,0.606884058,1.0,2,2.784438218,30.69408551,0.101859838,1.0,0.0,0.0,0.059823181,0.344051152,0.818181818,0.053191489,classification,LogisticRegression
781,12,12,2,0.0,3.459431619,11,0.066717737,-0.563923788,0.209124246,0.560772643,0.0,0.0,0.328376656,0.900770998,0.833333333,0.015364917,classification,RandomForest
770,47,47,13,0.0,1.0,2,1.851625993,11.15724949,0.068789947,0.709600383,0.0,0.0,0.022258324,0.193897391,0.804347826,0.061038961,classification,RandomForest
402,6,6,0,0.0,1.0,2,0.045993129,-1.630223058,0.054446811,0.140940025,0.052039485,0.097499369,0.010551066,0.049581354,1.0,0.014925373,classification,GradientBoosting
9387,2,2,0,0.0,3.169925001,9,0.50135879,-0.271035486,0.044726573,0.044726573,0.044165828,0.070654083,0.091563457,0.136273231,1.0,0.000213061,classification,SVC
606,8,8,0,0.0,1.0,2,0.504742673,-0.290110805,0.192881025,0.54223208,0.0,0.0,0.103667739,0.176196231,0.875,0.01320132,classification,RandomForest
3918,25,25,22,5.358784023,1.0,2,2.721579451,45.41224594,0.110737224,0.997435519,0.0,0.0,0.150328091,0.645287644,0.76,0.006380807,classification,DecisionTree
2326,37,37,36,0.0,1.0,2,2.685231151,19.77389965,0.090270295,0.774506483,0.0,0.0,0.014994401,0.147616789,0.805555556,0.015907137,classification,DecisionTree
1050,30,30,0,0.0,1.0,2,4.447229698,82.6321728,0.030707523,0.225150651,0.088473226,0.417114888,0.060512223,0.175988949,0.933333333,0.028571429,classification,LogisticRegression
3486,142,142,60,0.0,1.584962501,3,0.002786449,0.157170357,0.011692027,0.110575119,0.0,0.0,0.019936266,0.38517767,0.936619718,0.040734366,classification,SVC
660,13,13,0,0.0,2.0,4,0.375452364,-0.073356242,0.355402229,0.937838908,0.0,0.0,0.179534861,0.414595286,0.538461538,0.01969697,classification,GradientBoosting
3534,40,40,0,0.0,1.584962501,3,0.039969611,-0.200768062,0.090417752,0.721888145,0.136763031,0.534981776,0.085086616,0.275092828,0.85,0.011318619,classification,LogisticRegression
1412,19,19,0,0.0,2.0,4,0.065737183,-1.208886205,0.029353776,0.642650189,0.090747905,0.918362529,0.05172415,0.850018529,0.894736842,0.013456091,classification,LogisticRegression
202724,32,32,5,0.0,1.0,2,1.526181108,1.89673144,0.087963589,0.994719161,0.110475785,0.520623917,0.077294431,0.607275879,0.571428571,0.00015785,classification,RandomForest
16880,5,5,0,0.0,1.0,2,0.374057726,-0.35920709,0.228857517,0.848667697,0.0,0.0,0.056507132,0.128778244,0.8,0.000296209,classification,GradientBoosting
224354,7,7,3,0.0,1.0,2,0.551441846,-0.210607044,0.114328038,0.500654717,0.091644162,0.195833515,0.023915067,0.036087678,1.0,3.12e-05,classification,GradientBoosting
37192,22,22,9,0.0,1.0,2,1.220166836,3.284322401,0.078131602,0.816444947,0.155472458,0.459395403,0.123320231,0.513418071,0.882352941,0.000591525,classification,GradientBoosting
1331225,13,13,0,0.0,2.807354922,7,0.109875995,0.254887778,0.104770017,0.499407113,0.055234539,0.143679655,0.226255379,0.509718728,0.923076923,9.77e-06,classification,RandomForest
31580,32,32,8,0.882437247,1.0,2,9.338921814,621.2545848,0.065659176,0.948476545,0.0,0.0,0.04258894,0.348451058,0.766666667,0.0010133,classification,GradientBoosting
66468,28,28,0,0.000316517,1.0,2,0.805154638,2.074245128,0.057948446,0.815706325,0.028938873,0.125719352,0.008332168,0.043916474,0.857142857,0.000421255,classification,GradientBoosting
59256,42,42,0,0.0,1.584962501,3,1.44970534,5.511220732,0.103190783,0.493728608,0.054261446,0.155232579,0.006900938,0.042334842,0.884615385,0.000708789,classification,RandomForest
5808,3,3,0,0.0,1.0,2,0.279059369,-0.157663591,0.547975603,0.738359201,0.363181877,0.430947209,0.125200394,0.132558238,1.0,0.000516529,classification,SVC
25422,23,23,0,0.0,1.0,2,3.484819987,47.95763109,0.191273525,0.929396231,0.0773523,0.209330498,0.066639566,0.345261682,0.695652174,0.000904728,classification,GradientBoosting
2162,1,1,0,0.0,1.0,2,0.682454583,0.098326344,0.0,0.0,0.10385358,0.10385358,0.199093776,0.199093776,0.0,0.000462535,classification,GradientBoosting
2442,19,19,1,0.087796313,1.584962501,3,1.308625387,21.38126549,0.260863993,0.89692207,0.295656636,0.600433071,0.268697181,0.60544821,0.578947368,0.007780508,classification,RandomForest
483,5,5,0,0.431034483,1.584962501,3,0.892812261,0.547063784,0.608283252,0.870405075,0.462074927,0.612236554,0.317994345,0.446826789,0.6,0.010351967,classification,RandomForest
780,40,40,0,0.0,2.0,4,0.152060491,0.323129872,0.054809519,0.35147758,0.0,0.0,0.150757096,0.670295487,0.925,0.051282051,classification,LogisticRegression
608,9,9,4,17.85714286,1.0,2,2.306129764,18.94710253,0.074764913,0.224039023,0.0,0.0,0.082264979,0.169570025,1.0,0.014802632,classification,SVC
30116,28,28,38,69.47317749,1.0,2,1.312879533,33.67221164,0.127810395,0.738310361,0.164553512,0.723451529,0.090913691,0.519531813,0.785714286,0.000929738,classification,RandomForest
27998,28,28,38,69.47317749,1.0,2,2.459940774,85.02028105,0.048906033,0.390465327,0.109948206,0.686633964,0.043601972,0.323510176,0.928571429,0.001000071,classification,RandomForest
28260,30,30,38,69.47317749,1.0,2,2.500546628,76.27918739,0.047210854,0.475452365,0.114453737,0.733424791,0.053200996,0.390858479,0.9,0.001061571,classification,RandomForest
10140,14,14,0,0.0,1.0,2,0.12822812,0.369234633,0.372537312,0.866902966,0.094417891,0.216549524,0.074380028,0.103811609,0.714285714,0.001380671,classification,KNN
51610,3,3,0,0.0,1.0,2,-0.190900337,-0.571326369,0.57131866,0.7271119,0.283783937,0.577971885,0.303582987,0.375401796,1.0,5.81e-05,classification,RandomForest
8220,16,16,0,0.0,3.321928095,10,-0.019938974,-0.616859745,0.271427031,0.859379584,0.128025029,0.359862591,0.515399669,0.846155753,0.625,0.001946472,classification,SVC
24636,6,6,0,0.0,1.0,2,-0.177223448,-0.255340234,0.098391758,0.269142101,0.161013592,0.506775988,0.136880352,0.390797084,1.0,0.000243546,classification,RandomForest
48480,6,6,0,0.0,1.584962501,3,-0.174090284,-1.309159079,0.03129025,0.105837935,0.0,0.0,0.057090528,0.154730699,1.0,0.000123762,classification,GradientBoosting
1256,86,86,0,0.0,1.0,2,0.039130149,0.536154427,0.005130209,0.027835031,0.036453843,0.271537239,0.006224087,0.074927702,0.953488372,0.068471338,classification,GradientBoosting
3358,20,20,0,0.0,1.0,2,0.147648598,0.56550764,0.051091866,0.815766071,0.0744706,0.721862441,0.035480863,0.462994908,0.85,0.005955926,classification,GradientBoosting
34232,63,63,0,13.46300347,1.0,2,0.527885871,32.66587056,0.001533976,0.009676006,0.017225999,0.144903394,0.002394392,0.019864311,0.952380952,0.001840383,classification,LogisticRegression
84922,33,33,14,6.197831874,1.0,2,13.91814192,2723.381444,0.095387598,0.964669827,0.092695239,0.269079447,0.132302798,0.439368732,0.727272727,0.000388592,classification,GradientBoosting
7315,9,9,0,0.0,2.321928095,5,0.54858643,0.935850513,0.237133596,0.917036299,0.095731392,0.203749988,0.064438826,0.1644794,0.666666667,0.001230349,classification,RandomForest
1288,25,25,0,0.0,1.0,2,1.665416438,6.980202231,0.345712361,0.923986582,0.255084057,0.471538913,0.225203748,0.467221132,0.56,0.019409938,classification,GradientBoosting
311116,1,1,11,0.02252064,1.0,2,557.7777335,311116.0,0.0,0.0,0.001792888,0.001792888,0.02766495,0.02766495,0.0,3.21e-06,classification,GradientBoosting
1187030,39,39,28,0.0,2.321928095,5,3.333448723,43.51792014,0.059809457,0.53168653,0.0,0.0,0.078194038,0.335415523,0.852941176,3.29e-05,classification,GradientBoosting
4096,2,2,0,0.0,1.0,2,0.136386774,-0.817107698,0.215251211,0.215251211,0.068552794,0.07143054,0.093372668,0.131384648,1.0,0.000488281,classification,SVC
37192,22,22,9,0.0,1.0,2,1.220166836,3.284322401,0.078131602,0.816444947,0.155472458,0.459395403,0.123811776,0.513788842,0.882352941,0.000591525,classification,GradientBoosting
1010,4,4,0,0.0,1.0,2,-0.124567846,-0.425432441,0.415502346,0.734555563,0.298821823,0.737248042,0.176383022,0.370270753,1.0,0.003960396,classification,SVC
514,3,3,0,0.0,1.0,2,0.733937928,-0.335527994,0.315361934,0.584568625,0.190091654,0.289919486,0.077720693,0.151111866,1.0,0.005836576,classification,RandomForest
10140,14,14,0,0.0,1.0,2,0.12822812,0.369234633,0.372537312,0.866902966,0.094417891,0.216549524,0.074671598,0.104824092,0.714285714,0.001380671,classification,KNN
4308,42,42,0,0.0,2.584962501,6,2.231535835,19.50508523,0.224965401,0.93603839,0.095564988,0.298234864,0.286404674,0.493976102,0.452380952,0.009749304,classification,GradientBoosting
8352,28,28,0,0.0,2.584962501,6,0.314924205,1.417870895,0.441419879,0.943447139,0.226048142,0.489806422,0.373945441,0.692394201,0.321428571,0.00335249,classification,RandomForest
2868,47,47,0,0.0,1.0,2,0.464851085,2.56695639,0.265707623,0.929006824,0.277620769,0.474408219,0.351980548,0.450025288,0.468085106,0.016387727,classification,RandomForest
51610,3,3,0,0.0,1.0,2,-0.190900337,-0.571326369,0.57131866,0.7271119,0.283783937,0.577971885,0.301875511,0.374606331,1.0,5.81e-05,classification,RandomForest
1168,29,29,0,0.0,1.0,2,1.460699555,6.704025373,0.195915851,0.900360184,0.124488535,0.553613309,0.048279024,0.178499775,0.620689655,0.024828767,classification,DecisionTree
5218,20,20,0,0.0,1.0,2,0.01800508,-0.074246593,0.165622203,0.200269013,0.407434044,0.427808185,0.090737211,0.10732654,0.95,0.003832886,classification,LogisticRegression
464,23,23,0,0.0,1.0,2,0.619568672,0.506614966,0.375457319,0.953863048,0.435318995,0.807225991,0.180398281,0.47990372,0.434782609,0.049568966,classification,LogisticRegression
5562,15,15,0,0.0,1.0,2,0.598526608,0.801227574,0.034912182,0.267083029,0.110453364,0.331718508,0.181515931,0.418591804,0.933333333,0.002696872,classification,GradientBoosting
24636,6,6,0,0.0,1.0,2,-0.177223448,-0.255340234,0.098391758,0.269142101,0.161013592,0.506775988,0.136673707,0.391517874,1.0,0.000243546,classification,RandomForest
42480,193,193,0,0.0,3.321928095,10,-0.001012785,1.07165429,0.000258218,0.001848762,0.011808162,0.108230426,0.015131596,0.117958071,0.953367876,0.004543315,classification,SVC
754,13,13,7,21.035687,1.0,2,0.553379819,0.341013655,0.217820522,0.840342273,0.35845949,0.998601491,0.149162419,0.687157265,0.818181818,0.017241379,classification,KNN
720,30,30,0,1.657169991,3.0,8,0.15617798,1.924521352,0.021755323,0.078469312,0.0,0.0,0.201709451,0.710274929,0.966666667,0.041666667,classification,LogisticRegression
438,14,14,0,0.0,1.0,2,0.133491301,0.48951446,0.123231712,0.637656192,0.253756805,0.718657492,0.056776213,0.260882371,0.928571429,0.03196347,classification,LogisticRegression
1351,12,12,0,0.0,2.807354922,7,2.525070708,17.95667295,0.232596132,0.888117048,0.0,0.0,0.648099042,1.209775793,0.666666667,0.008882309,classification,RandomForest
2376,33,33,5,0.0,1.0,2,0.866249676,10.58199152,0.175420553,1.0,0.0,0.0,0.059877554,0.209345175,0.606060606,0.013888889,classification,RandomForest
98156,30,30,0,0.0,1.0,2,0.119374605,1.088954652,0.025567354,0.160909411,0.088511447,0.642033981,0.025953944,0.256393853,0.933333333,0.000305636,classification,GradientBoosting
85828,49,49,0,0.0,2.0,4,0.193920483,9.957544264,0.041543669,0.916803302,0.063573393,0.291750979,0.059271945,0.349557967,0.775510204,0.000570909,classification,RandomForest
8121,30,30,0,0.0,0.003307464,2,0.087898488,2.63504353,0.077063271,0.729005275,0.010986382,0.038653441,0.000116797,0.000771234,0.733333333,0.003694126,classification,KNN
2081200,22,22,39,11.79850812,2.0,4,-1.964823571,900.5623255,0.028235619,0.230005246,0.0,0.0,0.119676966,0.43905544,0.954545455,1.06e-05,classification,RandomForest
214,15,15,4,7.692307692,1.0,2,0.317857796,2.321526659,0.195659195,0.876976838,0.0,0.0,0.175831965,0.518933782,0.8,0.070093458,classification,RandomForest
214,35,35,16,0.420792079,1.0,2,0.028122203,0.094949642,0.051682302,0.191528169,0.0,0.0,0.064967736,0.481877516,0.942857143,0.163551402,classification,LogisticRegression
6264,30,30,16,0.0,1.0,2,0.769888943,-0.283244702,0.238766392,1.0,0.0,0.0,0.061190373,0.669333457,0.586206897,0.004789272,classification,KNN
1772,11,11,0,0.0,1.0,2,2.701531258,25.22674462,0.125201479,0.869204412,0.097848295,0.245705279,0.006238528,0.025443041,0.818181818,0.006207675,classification,LogisticRegression
251996,190,190,1,0.0,1.0,2,0.000475496,0.082688338,0.004281377,0.025754712,0.012063154,0.65785918,0.005710244,0.280997143,0.947368421,0.00075398,classification,RandomForest
680862,28,28,0,0.0,1.0,2,0.811899549,2.133826949,0.056710433,0.815750623,0.028059768,0.125567014,0.031222809,0.051929787,0.857142857,4.11e-05,classification,RandomForest
126822,20,20,5,8.964670293,1.584962501,3,0.908864047,11.68997603,0.025419179,0.206621055,0.155871506,0.646472139,0.065339179,0.281032817,0.95,0.000157701,classification,RandomForest
117882,25,25,4,0.0,1.0,2,1.388954076,11.79186615,0.058152213,0.888863369,0.0,0.0,0.076876474,0.347703392,0.8,0.000212076,classification,RandomForest
45532,9,9,0,0.0,1.0,2,0.094651854,-0.863125202,0.102904477,0.664755606,0.0,0.0,0.39646328,0.565442037,0.888888889,0.000197663,classification,GradientBoosting
6336,13,13,0,6.25,1.0,2,6.401910695,207.9484654,0.265806251,0.925121714,0.505765528,0.998744515,0.310386525,0.693857414,0.769230769,0.002051768,classification,LogisticRegression
9324,10,10,0,0.0,1.0,2,0.661387735,0.210096883,0.174461592,0.568550789,0.156711948,0.410890719,0.053695254,0.19281282,0.875,0.001072501,classification,LogisticRegression
5410,7,7,0,0.0,1.0,2,1.425043348,2.031921417,0.07976847,0.870271694,0.179565365,0.489536858,0.058424799,0.158710069,0.857142857,0.0012939,classification,RandomForest
604644,24,24,0,0.0,1.0,2,0.88493999,2.788921376,0.058827574,0.815221011,0.028281002,0.128721981,0.008256665,0.048434319,0.875,3.97e-05,classification,RandomForest
5820,8,8,0,0.0,1.0,2,-0.005909725,-1.186601917,0.007065284,0.01924775,0.0,0.0,0.025598834,0.1169624,1.0,0.00137457,classification,LogisticRegression
464,3,3,0,0.0,1.0,2,0.023232909,-0.275286553,0.031195877,0.045140527,0.0,0.0,0.012279608,0.027024774,1.0,0.006465517,classification,LogisticRegression
200,25,25,0,0.0,1.0,2,0.090225391,-0.918270941,0.083629413,0.923144555,0.0,0.0,0.04653634,0.332347406,0.8,0.125,classification,GradientBoosting
2100,30,30,0,0.0,1.0,2,0.722256698,0.337828442,0.315241389,0.942109329,0.0,0.0,0.213374852,0.605916329,0.533333333,0.014285714,classification,KNN
3500,11,11,0,0.0,1.853911452116638,7,0.8979114106514956,2.509599236923016,0.2384920152925353,0.7216461018095277,0.1625379261545772,0.4707927801918322,0.0453998676298555,0.141462493434691,0.8181818181818182,0.0031428571428571,classification,RandomForest
298686,48,48,4,2.950571565722816,1.0,2,4.337590055548439,695.4255071131939,0.0477464786983663,0.2735617064116772,0.0430932567031831,0.2443262975790638,0.0656624021092596,0.1822784901641261,0.8958333333333334,0.0001607038830075,classification,RandomForest
2224,10,10,2,0.0,2.0,4,0.8232855506651555,0.5447103321502683,0.2186017260161306,0.9355482816075784,0.398006847560269,1.0,0.4881153671259101,1.3869690742719425,0.6,0.0044964028776978,classification,KNN
8589,20,20,2,0.0,1.584962500721156,3,0.413841681726851,0.184743090339368,0.1373841012406194,0.6524871921892011,0.0610839296246445,1.0,0.0571115498607093,1.0989615816729597,0.6,0.0023285597857724,classification,KNN
4233,11,11,2,0.0,1.584962500721156,3,0.6944302254343142,0.4366886014848881,0.1739526968183909,0.926703541762426,0.3098378998537975,1.0,0.4007940635881672,1.0995572821698116,0.6363636363636364,0.0025986298133711,classification,KNN
36416,11,11,2,0.0,2.0,4,0.7636816699167575,0.2921607946122533,0.1219634046399987,0.9182430378645072,0.2405752441968679,0.920771956652224,0.4340475483367644,1.255185149279984,0.6363636363636364,0.000302065026362,classification,RandomForest
145130,26,26,2,0.0,3.321928094887362,10,0.31964838230166,0.2817538829707103,0.1921004081462564,0.8190456496736969,0.0932076675654822,0.9999818343031608,0.1093324387384531,2.3059973229248474,0.4230769230769231,0.0001791497278302,classification,KNN
257680,29,29,2,0.0,1.0,2,0.2714489618910393,0.1971729391482172,0.0111551704821541,0.8574872248869396,0.0858653872591886,0.9999844767500514,0.0549688542100254,0.7360839626189714,0.896551724137931,0.000112542688606,classification,DecisionTree
4792,27,27,2,0.0,2.0,4,0.2969490798925093,-0.1029682775421826,0.261189064280825,0.9396606094023252,0.2923255122029304,0.9999999999999998,0.2082720612753884,1.3867117778251066,0.2962962962962963,0.0056343906510851,classification,KNN
6996,28,28,5,0.0,1.0,2,0.5617567847898105,-0.4354074074623061,0.0285668493820405,0.3529933733012874,0.1024991955987942,0.471178027527233,0.0267376084658094,0.2521649275344739,0.8571428571428571,0.0040022870211549,classification,RandomForest
5150,13,13,0,0.0,1.0,2,0.0131047484673961,-0.0060200678740977,0.0113241433394895,0.0402906172310593,0.1949400756379419,0.4088036031667897,0.0262501003576477,0.0948677136185771,1.0,0.0025242718446601,classification,LogisticRegression
34262,23,23,3,0.0,1.0,2,0.440113881430336,-0.2444741612682972,0.0201289532202639,0.3554651229883956,0.0989191414852667,0.4730937414944097,0.0292957236077886,0.2414007366963584,0.8695652173913043,0.0006712976475395,classification,RandomForest
22252,16,16,0,0.0,1.0,2,-0.0272061958940689,-1.0841249223025131,0.0109268928060702,0.0360278574157668,0.0597808647455696,0.5994925470232163,0.0459508094047637,0.3737668899239652,1.0,0.0007190364911019,classification,GradientBoosting
2792,16,16,0,0.0,2.0,4,0.1136930542575662,-0.9704057417360512,0.4447316533251632,0.9342790190519736,0.5582329540760251,0.9090936802854718,0.9006900570181336,1.3157358431550925,0.375,0.0057306590257879,classification,LogisticRegression
84208,20,20,0,0.0,1.0,2,-0.0263774035863156,-0.0514481150514468,0.0081242681551521,0.189928497487567,0.0608184457070228,0.5231541250507333,0.0216697182641882,0.2758545205395259,0.95,0.0002375071252137,classification,RandomForest
36242,16,16,0,0.0,1.0,2,-0.0037479988370045,-0.0266140285693993,0.0043784122248378,0.018557767786881,0.17609845740837,0.3142919522601781,0.0203378373495017,0.0584916695144133,1.0,0.0004414767396942,classification,LogisticRegression
29642,18,18,0,0.0,1.0,2,-0.0021089044505546,-0.0249545777547509,0.0046832556117057,0.0160415925779065,0.0041203747064748,0.0117940156449819,0.0014651667652011,0.0061971307407011,1.0,0.0006072464745968,classification,KNN
12954,8,8,0,0.0,1.0,2,-0.0655667338104961,-0.4146101316590222,0.0302576450590679,0.2419842709722083,0.1586149453256692,0.5013813165677432,0.0538121530858618,0.2660290469694939,1.0,0.0006175698625907,classification,RandomForest
972,9,9,0,0.0,1.0,2,-0.0174019516213408,-0.2994324186032446,0.027800329617998,0.0752019060343034,0.2187351271949049,0.4795917697780501,0.0333522536737029,0.1220735112093842,1.0,0.0092592592592592,classification,LogisticRegression
29450,8,8,0,0.0,1.0,2,-0.0420316821031359,-1.0346672015362453,0.0099732363224144,0.0334577174628799,0.1004869012932089,0.5869320027365323,0.0791050026067719,0.3570722925273626,1.0,0.0002716468590831,classification,GradientBoosting
11139,7,7,0,0.0,1.584962500721156,3,0.0818917210259531,-1.426418940723304,0.5651360074554498,0.9311305715472048,0.6807073810842679,0.9929641674760992,0.9431744848168988,1.0987020687066906,0.2857142857142857,0.0006284226591255,classification,LogisticRegression
5772,26,26,0,0.0,1.0,2,-0.0231643836523847,-1.0873946241629378,0.0209990711969066,0.0911841989888188,0.0501889015099264,0.5845708524420339,0.0372285866150878,0.3665965850725925,0.9615384615384616,0.0045045045045045,classification,GradientBoosting
6140,16,16,0,0.0,2.321928094887362,5,-0.0004020964867663,-0.8268096838242769,0.4012534318846973,0.8783009126816312,0.4762507457360733,0.9061682583153492,0.981738885792981,1.2708149668372537,0.3125,0.0026058631921824,classification,LogisticRegression
1272,24,24,0,0.0,1.0,2,-0.0434450871752327,0.0609605626851157,0.0442062495043485,0.1630111048498249,0.0836154416825798,0.5842792546137021,0.0302120857294638,0.2983189837297662,0.9583333333333334,0.0188679245283018,classification,GradientBoosting
49125,18,18,0,0.0,2.321928094887362,5,-0.0582232396899284,-1.0567006832303387,0.3967343920835687,0.8853444444884812,0.459797948007192,0.8526216500715422,0.8978896120324964,1.152105800287451,0.4444444444444444,0.0003664122137404,classification,LogisticRegression
106830,20,20,0,0.0,1.0,2,-0.0223863235691313,-0.057208061917238,0.0072841779989414,0.1977014870178793,0.0613941789063841,0.5214072201606386,0.0220376745196394,0.2683686362433286,0.95,0.000187213329589,classification,RandomForest
39999,10,10,0,0.0,1.584962500721156,3,0.1766586655376032,-1.0627775834787054,0.4675439202657795,0.9330334796761148,0.5094848252568506,0.9611557348947048,0.7371844542117254,1.040119271493189,0.5,0.0002500062501562,classification,LogisticRegression
275256,29,29,0,0.0,1.0,2,-0.0004208556597802,-0.0008557606939222,0.0015532977806402,0.0061509042114329,0.0016795922828986,0.0041323066242125,0.0003955328077808,0.0029903510201361,0.9655172413793104,0.0001053564681605,classification,KNN
5252,25,25,0,0.0,1.0,2,-0.0225465144937494,0.0197367734730051,0.0233536905722915,0.1979978862618207,0.0711351049114971,0.5647793207958336,0.0250512455478986,0.2665728965164431,0.96,0.0047600913937547,classification,RandomForest
249896,16,16,0,0.0,1.0,2,-0.0001770417455329,-0.0246696098196023,0.001525394572644,0.0040578178848081,0.1846663207869425,0.2610419359973666,0.0200218538718662,0.0350026921999253,1.0,6.402663508019336e-05,classification,LogisticRegression
8726,22,22,0,0.0,1.0,2,-0.0201416203485909,0.0071507567852376,0.0188507757192856,0.2270544351047395,0.0728791183320986,0.5271635067239329,0.0233026145545447,0.2567500267358165,0.9545454545454546,0.0025212010084804,classification,GradientBoosting
53406,19,19,4,0.0,1.0,2,0.7377874106520256,-0.4761105603617079,0.0304114860327663,0.343393707831561,0.1100360316556189,0.4748668444199116,0.0354616620777886,0.2429737720881415,0.8947368421052632,0.0003557652698198,classification,RandomForest
118594,19,19,0,0.0,1.0,2,-0.0159576188032278,-0.0574640387609001,0.0076966701913856,0.2030985461899686,0.0632265613807809,0.5281188367396189,0.0,0.0,0.9473684210526316,0.0001602104659594,classification,RandomForest
32505,20,20,6,2.219042330528384,1.584962500721156,3,0.3902880088630475,0.1948857757098095,0.0366209134013376,0.9035187812481702,0.0755652088853266,0.612182603478006,0.0747874268394163,0.3430390032842456,0.85,0.0006152899553914,classification,GradientBoosting
6344,24,24,6,2.709604057673221,2.0,4,-0.0075211017559954,0.3561733937954747,0.0012436824695706,0.0080376059517122,0.0756128275944519,0.3371860255611215,0.0390102310419974,0.1292471882462913,0.9583333333333334,0.0037831021437578,classification,SVC
10260,22,22,7,0.7869256963750567,3.321928094887362,10,0.2839428787372162,0.2946752104147067,0.026662454962757,0.588663947331329,0.0829705883353992,0.4997471672098066,0.1123257805692121,0.6593514383951935,0.8636363636363636,0.0021442495126705,classification,GradientBoosting
2246,39,39,6,4.014206569475016,1.0,2,0.1750129784415451,0.2474801686978715,0.0643686314133275,0.9494855671439044,0.1119891704072491,0.4722284583623152,0.0327353104629666,0.1457578831975965,0.7435897435897436,0.0173642030276046,classification,SVC
21672,35,35,4,0.4875874208990205,1.584962500721156,3,-0.0117347154807369,0.1428205697514197,0.0007028795336821,0.0048900031883419,0.0740268925618968,0.4902818911687305,0.0290243184937025,0.2244409476727746,0.9714285714285714,0.0016149870801033,classification,GradientBoosting
271000,34,34,3,8.861919131965942,3.321928094887362,10,0.0195324796542614,3.087602733254412,0.001070021684522,0.0431623232194966,0.0280416023720608,0.3745066612174675,0.0718832352825504,0.5074351214282564,0.9705882352941176,0.0001254612546125,classification,RandomForest
5880,51,51,10,14.28370158962737,3.321928094887362,10,0.014380073672497,0.6227244822192812,0.0015595793067613,0.0078363096892264,0.0341554037962285,0.2147945917387263,0.0170099840492857,0.0565609367009192,0.9607843137254902,0.0086734693877551,classification,SVC
9304,46,46,10,10.36945793465689,3.0,8,-0.0022986571523616,-0.0062601552941295,0.0011926409567133,0.0108229585895343,0.0483483204486295,0.3427603091904097,0.0519144241580394,0.3849358971061312,0.9565217391304348,0.0049441100601891,classification,SVC
46984,28,28,8,4.807049760136475,3.0,8,0.3864314964109715,0.2686882191202513,0.0162251260317446,0.949372473183508,0.0693338590544398,0.6776222432638488,0.0706008257578006,0.5353207147197927,0.8571428571428571,0.000595947556615,classification,GradientBoosting
49344,43,43,10,9.354068092814972,2.0,4,0.1172209835868915,0.4228719832300119,0.0005479602049995,0.0102648120630234,0.0466094784508767,0.7014036492258772,0.0370286405830138,0.3481235227807637,0.9534883720930232,0.0008714332036316,classification,SVC
10488,20,20,4,0.087945810411287,2.584962500721156,6,0.260224347767908,0.3947863925385015,0.035649139766345,0.9032144363558366,0.0874778444505623,0.6494544941332986,0.1098289008320886,0.5386658531569677,0.8,0.001906941266209,classification,GradientBoosting
131418,36,36,2,0.7218168285930615,1.584962500721156,3,-0.0073230595096041,0.1649807573601722,0.0002038102100808,0.0017380616753996,0.06580313331441,0.6648635834656429,0.0323955349836814,0.4122769475572878,0.9722222222222222,0.0002739350773866,classification,GradientBoosting
8730,34,34,2,8.089249293097854,3.321928094887362,10,0.0317462116239488,0.2273056212011943,0.0017829670801187,0.0128305838305682,0.0424017352953631,0.231469006259247,0.039894134301016,0.2197539552377838,0.9705882352941176,0.0038946162657502,classification,SVC
210420,29,29,8,2.1574498609767674,2.0,4,0.8772944318830337,0.274649360482164,0.0249182603056228,0.747130038400088,0.0757659679812064,0.7144843869962088,0.0994429590032319,0.5400516091820682,0.8275862068965517,0.0001378195988974,classification,RandomForest
4520,30,30,1,1.257032476155982,3.0,8,0.1920589208996373,0.954996483766447,0.0196110252341757,0.8170440232066756,0.0379068805851319,0.4582462132808458,0.0336565328062332,0.262141412475831,0.9,0.0066371681415929,classification,GradientBoosting
34910,24,24,7,5.388122419459677,3.321928094887362,10,0.3548093739394127,-1.0092096637668115,0.0175803317550571,0.5228290718280354,0.0139042490700594,0.0934789757541407,0.0938380599523122,0.6003760540524574,0.9166666666666666,0.0006874820968203,classification,GradientBoosting
23525,32,32,8,1.786280962595128,2.321928094887362,5,0.1127552806764709,-0.0065660645906903,0.0004789737771605,0.0070376984257753,0.0588136500464636,0.4546445094268492,0.0465628230955834,0.4005756312423254,0.96875,0.0013602550478214,classification,GradientBoosting
253272,17,17,2,2.161223315511555,2.584962500721156,6,0.0637826717261853,1.0481773081346355,0.0505755288403085,0.8774948238056285,0.0868489548624284,0.4760902812658376,0.0806141764322915,0.3160347051474277,0.7647058823529411,6.712151362961559e-05,classification,RandomForest
10236,36,36,7,6.12696079523099,1.0,2,0.0058729858162152,0.0751361365088936,0.0002362621297644,0.0011920973750139,0.0672120978383627,0.5728516200522888,0.0141273239829189,0.1934570173510634,0.9722222222222222,0.003516998827667,classification,SVC
2784,23,23,5,9.603948330489889,1.0,2,0.3036124293814551,0.9444366329702312,0.0261930552844356,0.8962122822586517,0.0471037821811831,0.8557453956414843,0.026871172729117,0.5549907964805336,0.8695652173913043,0.0082614942528735,classification,GradientBoosting
15208,27,27,9,5.049944741987589,1.0,2,-0.0008949000535904,-0.0579342505833954,0.0004344032122558,0.00343330108973,0.0810766042791318,0.7333292805956488,0.0288717751932979,0.3636202297213307,0.9629629629629628,0.0017753813782219,classification,SVC
24100,45,45,9,7.743774167140688,2.0,4,-0.0055136792116199,-0.0344002393095887,0.0005629602686404,0.0033455783791737,0.0532995370967972,0.4929406903609414,0.0308455019120365,0.2868719259091459,0.9555555555555556,0.0018672199170124,classification,SVC
12492,39,39,1,0.6829802288170665,2.584962500721156,6,0.095698816668649,0.3959435727630722,0.0525417936035563,0.7412073253853455,0.1248771878129952,0.6040684855422072,0.1380472750082118,0.4124253572912857,0.7435897435897436,0.0031219980787704,classification,SVC
23528,33,33,10,5.70542460743475,3.0,8,-0.0055015768736739,-0.0014005947922598,0.0006781351594597,0.0033547760352173,0.0545413876927264,0.3121664111967963,0.0363618000190445,0.1829779534843076,0.9696969696969696,0.0014025841550493,classification,SVC
90164,23,23,5,14.04939452125923,1.0,2,0.4600701506509697,0.74359916650173,0.0780971020913464,0.854189512763433,0.2333443451642831,0.8510492455654156,0.1338582775132384,0.5655284951945732,0.7391304347826086,0.0002550907235703,classification,GradientBoosting
5060,41,41,3,13.541808165421472,2.321928094887362,5,0.0254364946920396,0.4556805976237428,0.0026747258352231,0.0180338183967883,0.0623688918939209,0.2680205607426813,0.0239295078554668,0.114378470893333,0.951219512195122,0.0081027667984189,classification,SVC
60315,50,50,8,11.843303929398456,2.321928094887362,5,0.1220884785701355,0.838760817438071,0.0010410398890274,0.032482761784276,0.028240934780644,0.56638971384746,0.051777476015993,0.5825145290161482,0.96,0.0008289811821271,classification,GradientBoosting
32548,41,41,1,15.275942357309171,2.0,4,-0.0048233852592309,0.2875066819822006,0.0010733430825265,0.0139409480941342,0.0620166283150045,0.4964438529103606,0.0349705500604064,0.3397964840890264,0.951219512195122,0.00125967801401,classification,SVC
10996,27,27,8,3.369163059512006,2.0,4,0.0174275284902392,0.0417630110427271,0.0015617462194273,0.0105332355165816,0.0824620767179324,0.5411807234945943,0.0591777379314737,0.4232608554905546,0.9629629629629628,0.0024554383412149,classification,SVC
41790,31,31,5,0.4132299628712162,2.584962500721156,6,0.1854183959083841,0.2054815795304329,0.0752211094838388,0.9154328749718884,0.1520769460792261,0.6569648694045731,0.180477167110076,0.568212138899507,0.6129032258064516,0.0007418042593921,classification,RandomForest
9160,33,33,4,12.880318059095517,3.321928094887362,10,-0.0054940526148967,0.6432425302348114,0.001588296985122,0.0074690304331099,0.0332721501578618,0.1603957939411731,0.0247336452183491,0.085507398364927,0.9696969696969696,0.0036026200873362,classification,SVC
12760,37,37,1,11.692484757994276,3.321928094887362,10,0.1228064942835362,0.4260175811770447,0.1192147206399387,0.8923695439209416,0.1153101114480574,0.3455546478466986,0.2412547359916743,0.4213082294288353,0.5675675675675675,0.0028996865203761,classification,GradientBoosting
11320,25,25,1,5.371227303091031,2.321928094887362,5,0.0061017220682054,0.8904089802610095,0.301825688947522,0.9478045662073756,0.0783314372351545,0.3001368184269181,0.1364126477815467,0.2665006598155122,0.36,0.002208480565371,classification,RandomForest
6725,36,36,0,15.36777658909481,2.321928094887362,5,0.0984284585288528,1.1233509702828697,0.1567045350724695,0.8534794381594581,0.087110893183031,0.2329515100931745,0.0504958403255091,0.1016726482251684,0.6944444444444444,0.0053531598513011,classification,SVC
28134,28,28,5,0.3315506239482848,1.584962500721156,3,0.9112084903835438,1.0343460940381812,0.0245906889805326,0.6804484770788201,0.0730043747139955,0.7064318507415253,0.0417343864657651,0.464337871738093,0.8214285714285714,0.00099523707969,classification,GradientBoosting
11259,10,10,0,0.0,1.584962500721156,3,0.0655142224878201,-1.0371281173207247,0.518957164124834,0.9045562417772968,0.3999343502223071,0.9316667517110482,0.7121582962652055,1.000145658142126,0.5,0.0008881783462119,classification,LogisticRegression
12922,10,10,0,0.0,1.0,2,-0.0022249371820242,-0.2824625864936626,0.0057339288117944,0.0158541517164022,0.0067222833893176,0.0118365904254257,0.0011516553265927,0.0046020766915768,1.0,0.0007738740133106,classification,LogisticRegression
17818,11,11,0,0.0,1.0,2,-0.02916334053665,-0.1536993394326157,0.019462339773959,0.200973908389241,0.1065205863013902,0.5420410761435005,0.0405521424764033,0.2873967605572753,1.0,0.0006173532382983,classification,RandomForest
59996,15,15,0,0.0,2.0,4,-0.2114863549793938,-1.265529672129078,0.4596834331378155,0.9361070798405684,0.5383146408080534,0.9862758804762308,1.0904840144101466,1.3835915750575316,0.2,0.0002500166677778,classification,LogisticRegression
34154,16,16,0,0.0,1.0,2,-0.0001780526875012,-0.0160958711599407,0.0046908980173457,0.0170573195087733,0.005137863553728,0.0151423156798764,0.0001542099058949,0.0011370350685253,1.0,0.0004684663582596,classification,KNN
48996,9,9,0,0.0,1.0,2,0.0015912364304762,-0.2829578612915104,0.0028870147364794,0.0122237361633205,0.0029939814197777,0.0081754389388102,0.0006413782454302,0.0022161649645726,1.0,0.0001836884643644,classification,DecisionTree
91768,17,17,0,0.0,1.0,2,-0.0176183211199754,-0.0620312611985869,0.0085354922463232,0.2032431682725114,0.071236296643542,0.5165969421396329,0.025164241945523,0.273434999885576,0.9411764705882352,0.000185249760265,classification,RandomForest
33606,8,8,0,0.0,1.0,2,0.000439637240876,-0.2899559677489335,0.0044468697007272,0.0138960060547407,0.2347114653529588,0.4801648331753676,0.0409398925452116,0.1287229871448827,1.0,0.0002380527286794,classification,LogisticRegression
33252,11,11,0,0.0,2.0,4,0.0302321053401348,-0.9169344389836276,0.4228773082839988,0.9161905353178654,0.539174320794486,0.8280002956340023,0.8047365414394623,1.2132212633840405,0.5454545454545454,0.0003308071694935,classification,LogisticRegression
488574,24,24,0,0.0,1.0,2,-0.0174437697602989,-0.0128819730442144,0.0042400050707483,0.2021593522414915,0.0490778907489285,0.5198496324373528,0.0183173836240711,0.2689577804636556,0.9583333333333334,4.912254847781503e-05,classification,RandomForest
132304,11,11,0,0.0,1.0,2,-0.0278970037754468,-0.126690549035413,0.0139362414618073,0.203555189062579,0.1047120770795858,0.5156060236990454,0.0369402414560148,0.2715430087498913,1.0,8.314185512153827e-05,classification,RandomForest
2502,16,16,0,0.0,1.584962500721156,3,0.0567583499845698,-1.133048103294461,0.5546651342844916,0.9377062910043708,0.5060155912166728,0.9435298392139748,0.78869508441132,1.0710348117591026,0.3125,0.0063948840927258,classification,LogisticRegression
20492,30,30,6,0.0,1.0,2,0.62729545725788,-0.5014995398814217,0.0246713754531492,0.3603068110377462,0.0962177524285403,0.4806252243590342,0.0247305480198286,0.2428877358618881,0.8666666666666667,0.0014639859457349,classification,RandomForest
72320,30,30,0,0.0,1.0,2,-0.0116779404173203,-1.1078963757229798,0.0061501741238219,0.0245234110426854,0.0309075612010384,0.5878701817682214,0.0276060754883253,0.3657621120777647,0.9666666666666668,0.0004148230088495,classification,GradientBoosting
2296,15,15,3,0.0,1.0,2,0.6730867955461313,-0.5069912607346495,0.051291616825261,0.3653487184228032,0.1514729967375994,0.4800410843439263,0.045612960853219,0.2373912440913355,0.8666666666666667,0.0065331010452961,classification,RandomForest
3284,23,23,0,0.0,1.0,2,-0.0274167441614547,0.0562364868179577,0.0288705870706786,0.1492633143273049,0.0734079599832567,0.479359767211498,0.0290659498568821,0.2633457965253083,0.9565217391304348,0.0070036540803897,classification,GradientBoosting
3520,18,18,0,0.0,2.321928094887362,5,-0.1531324509351424,-0.7338534184258664,0.414794884447245,0.8875284885143343,0.4887041264456299,0.9057948110624984,0.9467881394285342,1.237815488237138,0.3888888888888889,0.0051136363636363,classification,LogisticRegression
119376,13,13,0,0.0,1.0,2,-0.0170189579113751,-1.0901431333008729,0.003883654252031,0.0140777152067896,0.0617750468857561,0.58890304615483,0.051121720371109,0.3623663629799964,1.0,0.0001088996113121,classification,GradientBoosting
2470,20,20,2,0.0,2.321928094887362,5,-0.0063134456685996,-0.0255283317834669,0.0027670032540314,0.0086879398301741,0.1189520245300706,0.8083057048626877,0.0433596454475353,0.5249905426750576,0.95,0.0080971659919028,classification,KNN
3714,14,14,2,0.0,1.0,2,0.5838186290814004,0.3712309429204224,0.0334495096524504,0.7333615362543975,0.1355231167900283,0.9999999999999998,0.0772569325269964,0.6935510759053614,0.9285714285714286,0.003769520732364,classification,LogisticRegression
229720,23,23,2,0.0,3.321928094887362,10,0.0045214165846994,-0.0621595367016105,0.0001326867733767,0.0011962123218768,0.0496424937166605,0.9966287643055188,0.1245343793748466,2.257008930364048,0.9565217391304348,0.0001001218875152,classification,KNN
11422,10,10,2,0.0,1.0,2,0.8856916474893405,0.6179055405456928,0.1360033099073901,0.8124900772360701,0.2821317753390407,1.0,0.1877093369065466,0.6942415617442909,0.7,0.0008755034144633,classification,KNN
12633,36,36,2,0.0,1.584962500721156,3,0.2313835529119259,0.1847583510739547,0.1236569951316288,0.7095069638401131,0.0349890104498252,1.0,0.032874352831738,1.099997553670235,0.5,0.0028496794110662,classification,KNN
2325,15,15,2,0.0,1.584962500721156,3,0.5419878531432354,0.1430637789486334,0.0739093645963835,0.6492710941620423,0.1209208517877004,1.0,0.083071102887232,1.0996876808136136,0.8,0.0064516129032258,classification,KNN
69600,15,15,2,0.0,3.321928094887362,10,0.5610479134454137,0.6053233217785317,0.0693259349701847,0.6719062314117658,0.0838817543050521,1.0,0.1573099369957352,2.304093715386787,0.8,0.0002155172413793,classification,KNN
9758,26,26,2,0.0,1.0,2,0.3195075834039247,0.1888645395909605,0.1194453305160495,0.7339710139343637,0.1663975061993798,0.9999999999999998,0.0535664860904643,0.6941719833494522,0.5769230769230769,0.0026644804263168,classification,LogisticRegression
13130,20,20,2,0.0,3.321928094887362,10,0.4147339300705182,0.2908442406006005,0.1156020730718409,0.7305475692633971,0.0657912653999112,1.0,0.1307442562325054,2.303308674740581,0.65,0.0015232292460015,classification,KNN
53529,20,20,2,0.0,1.584962500721156,3,0.401245468082605,0.1820534404710753,0.1204570772085122,0.8688822500287969,0.1165924397091979,0.9999299420619996,0.077838632663625,1.1023083907933464,0.6,0.0003736292476975,classification,KNN
166110,29,29,2,0.0,3.321928094887362,10,0.2905243229284898,0.1797311169240859,0.0772108295880502,0.8160859545078718,0.074822987717552,0.9999556691374062,0.1010979613886099,2.305290322217461,0.6551724137931034,0.0001745831075793,classification,KNN
18758,8,8,2,0.0,1.0,2,1.0488708388098271,0.9081119731752676,0.0412585467903841,0.2500748039409847,0.1259784481620906,0.9488830387223088,0.079880622794364,0.6225767386958273,1.0,0.0004264846998613,classification,LogisticRegression
7464,31,31,2,0.0,1.0,2,0.2739566353023457,0.1600669294574613,0.0733098074045899,0.8650416302642697,0.1082802970701405,1.0,0.0401368988992139,0.6937500789380396,0.6774193548387096,0.0041532690246516,classification,LogisticRegression
8820,15,15,2,0.0,3.321928094887362,10,0.5109380773847544,0.5411737410787121,0.0487664443971391,0.7272591922906263,0.1357704561271975,1.0,0.2804749120679883,2.303378849839171,0.8666666666666667,0.0017006802721088,classification,KNN
2094,7,7,0,0.0,1.0,2,0.04338350187516773,-1.3862201352923087,0.23766406592784123,0.3780935189989187,0.0,0.0,0.16679060593812717,0.22115098735035077,1.0,0.0033428844317096467,classification,SVC